ca335d67-8b94-425d-b651-b229a0448fd5,892c765d-53a7-4084-b0da-1ad9df98ecae,2025-02-14 17:00:21.127000 +00:00,2025-02-14 17:00:21.127000 +00:00
ca335d67-8b94-425d-b651-b229a0448fd5,8fd8cc4e-65c9-41b9-b9bf-4e11e87cb2c0,2025-02-14 17:00:21.127000 +00:00,2025-02-14 17:00:21.127000 +00:00
2be8d626-015e-4ef2-a43e-5c6cbceee7ff,892c765d-53a7-4084-b0da-1ad9df98ecae,2025-02-15 06:52:11.890000 +00:00,2025-02-15 06:52:11.890000 +00:00
9d8236ed-a86d-4064-a108-d3bd6863e424,ec592cb4-1d61-48a0-8723-7f3c032c09b7,2025-02-15 06:52:12.061000 +00:00,2025-02-15 06:52:12.061000 +00:00
b3967bc2-7a86-4044-9581-4a88b94fd4a2,5394228f-c3cb-455c-9730-5d4b0b862003,2025-02-15 06:52:12.194000 +00:00,2025-02-15 06:52:12.194000 +00:00
b3967bc2-7a86-4044-9581-4a88b94fd4a2,83f0b981-6628-41e9-bcd7-1887f4733da2,2025-02-15 06:52:12.194000 +00:00,2025-02-15 06:52:12.194000 +00:00
ff0460b5-b03f-4d63-9e60-abb535c6916b,416889b3-f09b-4b96-a668-1f4df6f64060,2025-02-15 06:52:12.321000 +00:00,2025-02-15 06:52:12.321000 +00:00
366bda88-d22a-483c-a7c4-c21152bc2cb3,892c765d-53a7-4084-b0da-1ad9df98ecae,2025-02-15 06:52:12.448000 +00:00,2025-02-15 06:52:12.448000 +00:00
3d4b5b84-ccc1-4388-a29a-c2ebac011655,5394228f-c3cb-455c-9730-5d4b0b862003,2025-02-15 06:52:12.576000 +00:00,2025-02-15 06:52:12.576000 +00:00
8c1c4333-a2f9-4ef6-83da-7d2948989f42,892c765d-53a7-4084-b0da-1ad9df98ecae,2025-02-15 06:52:12.703000 +00:00,2025-02-15 06:52:12.703000 +00:00
a6ddf04f-2626-4de7-88f2-0c4c11ab259b,5394228f-c3cb-455c-9730-5d4b0b862003,2025-02-15 06:52:12.816000 +00:00,2025-02-15 06:52:12.816000 +00:00
6add4766-144f-4b99-bda7-3fcf2e1a86a6,83f0b981-6628-41e9-bcd7-1887f4733da2,2025-02-15 06:52:12.939000 +00:00,2025-02-15 06:52:12.939000 +00:00
