e8c21e00-7b79-40b9-b487-242bee91f429,A1,2025-02-14 16:57:37.502000 +00:00,2025-02-14 16:57:37.502000 +00:00
2378cb9b-2dbb-4db7-84b5-7ae7ad741e41,A2,2025-02-14 16:57:37.502000 +00:00,2025-02-14 16:57:37.502000 +00:00
5d529d7a-4d9b-4e94-9ec9-72e4fed67c8b,A3,2025-02-14 16:57:37.502000 +00:00,2025-02-14 16:57:37.502000 +00:00
33d3c13f-de50-4d77-b7cd-c7946c73ebd1,A4,2025-02-14 16:57:37.502000 +00:00,2025-02-14 16:57:37.502000 +00:00
875af08d-ec66-4325-9912-461743da31e3,A5,2025-02-14 16:57:37.502000 +00:00,2025-02-14 16:57:37.502000 +00:00
113d5a84-2a1e-4cc3-9555-1ea538953072,A6,2025-02-14 16:57:37.502000 +00:00,2025-02-14 16:57:37.502000 +00:00
8baf6527-4346-4808-addc-4a26b6e66d67,A7,2025-02-14 16:57:37.502000 +00:00,2025-02-14 16:57:37.502000 +00:00
a4893ab4-d893-4061-ba51-103dc8d072e0,A8,2025-02-14 16:57:37.502000 +00:00,2025-02-14 16:57:37.502000 +00:00
cfd6cd0e-fe5a-4d35-9fb4-a82f8fe34f8f,A9,2025-02-14 16:57:37.502000 +00:00,2025-02-14 16:57:37.502000 +00:00
dac19cb9-fc7b-4ff7-bfbe-d649209d85b1,A10,2025-02-14 16:57:37.502000 +00:00,2025-02-14 16:57:37.502000 +00:00
339bffa5-940d-4e8e-a8b1-7bf83de3d953,A11,2025-02-14 16:57:37.502000 +00:00,2025-02-14 16:57:37.502000 +00:00
a93a5c78-5c96-4b6f-b899-68c6d2eaf6d0,A12,2025-02-14 16:57:37.502000 +00:00,2025-02-14 16:57:37.502000 +00:00
901bbdcb-f9dd-4777-bd66-44bf2ee3e04e,A13,2025-02-14 16:57:37.502000 +00:00,2025-02-14 16:57:37.502000 +00:00
57d0843b-29d9-4898-b51e-703367dab98e,A14,2025-02-14 16:57:37.502000 +00:00,2025-02-14 16:57:37.502000 +00:00
72addafe-6dfc-407f-b964-893765567723,A15,2025-02-14 16:57:37.502000 +00:00,2025-02-14 16:57:37.502000 +00:00
80baf5c1-4984-4788-b0aa-ab982593bcad,A16,2025-02-14 16:57:37.502000 +00:00,2025-02-14 16:57:37.502000 +00:00
e4d3b450-da38-41b8-97d5-73795c027bb0,A17,2025-02-14 16:57:37.502000 +00:00,2025-02-14 16:57:37.502000 +00:00
c0bec9c8-8145-4c1c-8cde-a54c65e30957,A18,2025-02-14 16:57:37.502000 +00:00,2025-02-14 16:57:37.502000 +00:00
887b4c5e-c94a-46fc-b1b1-a5790794ae35,A19,2025-02-14 16:57:37.502000 +00:00,2025-02-14 16:57:37.502000 +00:00
92127658-a9b3-4a1c-b893-0415af03825b,A20,2025-02-14 16:57:37.502000 +00:00,2025-02-14 16:57:37.502000 +00:00
3bfdcb93-8e3e-41d1-9cfe-e92bbd9d1778,A21,2025-02-14 16:57:37.502000 +00:00,2025-02-14 16:57:37.502000 +00:00
e71efb18-fd0f-431c-883f-f0787647c6f9,A22,2025-02-14 16:57:37.502000 +00:00,2025-02-14 16:57:37.502000 +00:00
6c1117eb-e9d7-4d08-b872-297cb584086c,A23,2025-02-14 16:57:37.502000 +00:00,2025-02-14 16:57:37.502000 +00:00
c8681bde-eec3-4412-8bf6-afb0bad4bb05,A24,2025-02-14 16:57:37.502000 +00:00,2025-02-14 16:57:37.502000 +00:00
b1ee5d9c-2251-4a4d-ac98-416967644301,B1,2025-02-14 16:57:37.502000 +00:00,2025-02-14 16:57:37.502000 +00:00
5154bf57-9617-4eb1-aeb2-8a6f45dd97ef,B2,2025-02-14 16:57:37.502000 +00:00,2025-02-14 16:57:37.502000 +00:00
6d608daf-4afd-49e3-9d25-245fca61d544,B3,2025-02-14 16:57:37.502000 +00:00,2025-02-14 16:57:37.502000 +00:00
c0e973ea-feea-47be-87d6-ce084a6d1b3f,B4,2025-02-14 16:57:37.502000 +00:00,2025-02-14 16:57:37.502000 +00:00
220eb2a5-1911-4abd-b1a8-2aa2cf558c9d,B5,2025-02-14 16:57:37.502000 +00:00,2025-02-14 16:57:37.502000 +00:00
6aa4f3b7-b083-45ec-aa97-8192df57553d,B6,2025-02-14 16:57:37.502000 +00:00,2025-02-14 16:57:37.502000 +00:00
e0e64e1c-dc49-40fd-b988-fbb2f5cb421d,B7,2025-02-14 16:57:37.502000 +00:00,2025-02-14 16:57:37.502000 +00:00
e6ea73fc-77a7-448a-9f83-601488cc2ff0,B8,2025-02-14 16:57:37.502000 +00:00,2025-02-14 16:57:37.502000 +00:00
2e9b52ab-dd6b-47a9-91ae-17f8ec38593a,B9,2025-02-14 16:57:37.502000 +00:00,2025-02-14 16:57:37.502000 +00:00
83be108c-dbca-4f86-99a1-0813a263d960,B10,2025-02-14 16:57:37.502000 +00:00,2025-02-14 16:57:37.502000 +00:00
26fd5a60-bbb0-45d8-9208-453dc77996c0,B11,2025-02-14 16:57:37.502000 +00:00,2025-02-14 16:57:37.502000 +00:00
ab2196af-fa27-4228-a94c-1b53acbf512f,B12,2025-02-14 16:57:37.502000 +00:00,2025-02-14 16:57:37.502000 +00:00
c10a9d85-cb7b-40a2-a68e-84f9db93daa2,B13,2025-02-14 16:57:37.502000 +00:00,2025-02-14 16:57:37.502000 +00:00
c8b6988f-1df1-4d33-a646-3491b93799ca,B14,2025-02-14 16:57:37.502000 +00:00,2025-02-14 16:57:37.502000 +00:00
bdd49e72-7e49-41a9-80c1-fc94f8ee734d,B15,2025-02-14 16:57:37.502000 +00:00,2025-02-14 16:57:37.502000 +00:00
37129427-f7b2-4f87-93df-ed92758bf5f2,B16,2025-02-14 16:57:37.502000 +00:00,2025-02-14 16:57:37.502000 +00:00
78fdcdba-11d5-4a61-ba95-e397987130c0,B17,2025-02-14 16:57:37.502000 +00:00,2025-02-14 16:57:37.502000 +00:00
11644679-f433-4ea1-a16a-8ee7f35d5ed9,B18,2025-02-14 16:57:37.502000 +00:00,2025-02-14 16:57:37.502000 +00:00
7668cb77-ad3c-4da5-ad25-c8b28a5914e6,B19,2025-02-14 16:57:37.502000 +00:00,2025-02-14 16:57:37.502000 +00:00
613b673d-0c3a-4db7-a580-957ade1b2a3b,B20,2025-02-14 16:57:37.502000 +00:00,2025-02-14 16:57:37.502000 +00:00
0400bc6c-fecf-4d0f-873b-8ea2083e0177,B21,2025-02-14 16:57:37.502000 +00:00,2025-02-14 16:57:37.502000 +00:00
95e86b80-02a4-41d3-ae0f-13529f8220e8,B22,2025-02-14 16:57:37.502000 +00:00,2025-02-14 16:57:37.502000 +00:00
a5861671-376a-491e-95ee-d9c3b1e700f6,B23,2025-02-14 16:57:37.502000 +00:00,2025-02-14 16:57:37.502000 +00:00
0857ad6c-f69f-4673-a2e5-8298993371c4,B24,2025-02-14 16:57:37.502000 +00:00,2025-02-14 16:57:37.502000 +00:00
fbc5aebf-9e29-4f58-96da-3325f86ff9fb,C1,2025-02-14 16:57:37.502000 +00:00,2025-02-14 16:57:37.502000 +00:00
739b1df9-f5f6-4fec-924d-287f604f1b2b,C2,2025-02-14 16:57:37.502000 +00:00,2025-02-14 16:57:37.502000 +00:00
08dc1974-2a73-4c19-b8a4-f7a9897e2fc4,C3,2025-02-14 16:57:37.502000 +00:00,2025-02-14 16:57:37.502000 +00:00
ee786611-0ac3-40e8-a72d-87f48888aaab,C4,2025-02-14 16:57:37.502000 +00:00,2025-02-14 16:57:37.502000 +00:00
732206f9-e32e-4f7b-ad7a-2fb39ad6ae3d,C5,2025-02-14 16:57:37.502000 +00:00,2025-02-14 16:57:37.502000 +00:00
7ce8a875-1655-4a14-b5ba-97dff8e34634,C6,2025-02-14 16:57:37.502000 +00:00,2025-02-14 16:57:37.502000 +00:00
bdafd1fe-102d-4229-9e9e-7a62a6b36e89,C7,2025-02-14 16:57:37.502000 +00:00,2025-02-14 16:57:37.502000 +00:00
b17a28d1-7ec3-4edd-8d68-0aa5acd06ea0,C8,2025-02-14 16:57:37.502000 +00:00,2025-02-14 16:57:37.502000 +00:00
c9a5c2a9-a2fb-40aa-943b-b32bd2f06298,C9,2025-02-14 16:57:37.502000 +00:00,2025-02-14 16:57:37.502000 +00:00
f4a01259-7044-4a16-a378-474cc89c6df4,C10,2025-02-14 16:57:37.502000 +00:00,2025-02-14 16:57:37.502000 +00:00
3e8d1c62-b621-4fa4-8f7b-765a0c711461,C11,2025-02-14 16:57:37.502000 +00:00,2025-02-14 16:57:37.502000 +00:00
7250c064-c6c2-4872-912c-923b0a571182,C12,2025-02-14 16:57:37.502000 +00:00,2025-02-14 16:57:37.502000 +00:00
b24e665c-f096-4bc0-af98-a7c041142195,C13,2025-02-14 16:57:37.502000 +00:00,2025-02-14 16:57:37.502000 +00:00
c14837af-7456-44a2-8cf8-1311b65f50cd,C14,2025-02-14 16:57:37.502000 +00:00,2025-02-14 16:57:37.502000 +00:00
6c6b20cd-adf9-4b04-a7a7-c53e358d44e3,C15,2025-02-14 16:57:37.502000 +00:00,2025-02-14 16:57:37.502000 +00:00
c7cdc1ae-f458-4f58-b571-3342f654a13b,C16,2025-02-14 16:57:37.502000 +00:00,2025-02-14 16:57:37.502000 +00:00
98748fcc-1334-461c-a5bf-9dabf1d024d2,C17,2025-02-14 16:57:37.502000 +00:00,2025-02-14 16:57:37.502000 +00:00
f2770102-cce4-45b9-94f3-2eb8d5b7bca0,C18,2025-02-14 16:57:37.502000 +00:00,2025-02-14 16:57:37.502000 +00:00
0c6719a5-2650-4d21-b0a5-042e87244607,C19,2025-02-14 16:57:37.502000 +00:00,2025-02-14 16:57:37.502000 +00:00
fee14799-0f8b-44a3-b71c-31d9d5585e7b,C20,2025-02-14 16:57:37.502000 +00:00,2025-02-14 16:57:37.502000 +00:00
5b66e7c1-1dc3-4f8c-b82c-91bddb62bb0d,C21,2025-02-14 16:57:37.502000 +00:00,2025-02-14 16:57:37.502000 +00:00
b0739362-2a50-4441-900c-ed23a2c29cd1,C22,2025-02-14 16:57:37.502000 +00:00,2025-02-14 16:57:37.502000 +00:00
5e0036df-c437-442f-b05a-b6eb8dbef4ad,C23,2025-02-14 16:57:37.502000 +00:00,2025-02-14 16:57:37.502000 +00:00
11742db0-323c-4d23-8ba6-190816130690,C24,2025-02-14 16:57:37.502000 +00:00,2025-02-14 16:57:37.502000 +00:00
3e07166a-495e-4b16-9930-d24112493e09,D1,2025-02-14 16:57:37.502000 +00:00,2025-02-14 16:57:37.502000 +00:00
5f5ad429-88d0-4c08-a51f-e9203d933626,D2,2025-02-14 16:57:37.502000 +00:00,2025-02-14 16:57:37.502000 +00:00
2e0bd761-272f-4f63-b3bd-0e15e7ea1215,D3,2025-02-14 16:57:37.502000 +00:00,2025-02-14 16:57:37.502000 +00:00
e746abc6-6cf1-4bab-bbdd-a2013aa67529,D4,2025-02-14 16:57:37.502000 +00:00,2025-02-14 16:57:37.502000 +00:00
857ab1ce-0735-4b2a-9f93-08510b8d9624,D5,2025-02-14 16:57:37.502000 +00:00,2025-02-14 16:57:37.502000 +00:00
acd2c0b5-5895-4da1-8039-f5b234b64864,D6,2025-02-14 16:57:37.502000 +00:00,2025-02-14 16:57:37.502000 +00:00
ac09cce6-6461-4a76-8e47-01f9940c96df,D7,2025-02-14 16:57:37.502000 +00:00,2025-02-14 16:57:37.502000 +00:00
556e6d46-2a26-4335-95f1-a88219d420cf,D8,2025-02-14 16:57:37.502000 +00:00,2025-02-14 16:57:37.502000 +00:00
25ce06be-864a-47c0-aa74-77d73eeed9f5,D9,2025-02-14 16:57:37.502000 +00:00,2025-02-14 16:57:37.502000 +00:00
f4bb281d-8209-4baf-bfa6-7417ceed43b5,D10,2025-02-14 16:57:37.502000 +00:00,2025-02-14 16:57:37.502000 +00:00
7c669e6b-119d-4cde-a737-45078f18cbda,D11,2025-02-14 16:57:37.502000 +00:00,2025-02-14 16:57:37.502000 +00:00
0432fb00-0079-4828-a86a-0a8561dade1b,D12,2025-02-14 16:57:37.502000 +00:00,2025-02-14 16:57:37.502000 +00:00
b179862c-23f0-4a1d-948f-541b65ba586b,D13,2025-02-14 16:57:37.502000 +00:00,2025-02-14 16:57:37.502000 +00:00
2f8556bd-c90e-447c-9c83-e538d29b4927,D14,2025-02-14 16:57:37.502000 +00:00,2025-02-14 16:57:37.502000 +00:00
4671d3ff-b6e1-4d34-a495-60135a9c7019,D15,2025-02-14 16:57:37.502000 +00:00,2025-02-14 16:57:37.502000 +00:00
e5705301-a467-40ef-bbe2-f6ba63519ef6,D16,2025-02-14 16:57:37.502000 +00:00,2025-02-14 16:57:37.502000 +00:00
a73a8c24-c0a8-4249-822a-024122e8b4de,D17,2025-02-14 16:57:37.502000 +00:00,2025-02-14 16:57:37.502000 +00:00
7fd080b9-df1c-4166-8900-e6b312578ed7,D18,2025-02-14 16:57:37.502000 +00:00,2025-02-14 16:57:37.502000 +00:00
a9ac1c88-3fbf-4a0a-bd16-f9262647e582,D19,2025-02-14 16:57:37.502000 +00:00,2025-02-14 16:57:37.502000 +00:00
8b3de5cb-6ea6-44e6-8f95-8089bb14e857,D20,2025-02-14 16:57:37.502000 +00:00,2025-02-14 16:57:37.502000 +00:00
2323a1b3-cb00-4fcf-b4f7-c5e8e8d70522,D21,2025-02-14 16:57:37.502000 +00:00,2025-02-14 16:57:37.502000 +00:00
8f1b5eca-c840-4431-ab9c-226608463371,D22,2025-02-14 16:57:37.502000 +00:00,2025-02-14 16:57:37.502000 +00:00
ffd8759d-fca5-4e7d-a013-a771c6d118a7,D23,2025-02-14 16:57:37.502000 +00:00,2025-02-14 16:57:37.502000 +00:00
f0f79f3e-a495-4772-8235-255d84b0e84c,D24,2025-02-14 16:57:37.502000 +00:00,2025-02-14 16:57:37.502000 +00:00
20bdb77d-8b4e-4fe1-b38d-48e135e2e31f,E1,2025-02-14 16:57:37.502000 +00:00,2025-02-14 16:57:37.502000 +00:00
361497cb-c606-4068-8a32-b80001fe8007,E2,2025-02-14 16:57:37.502000 +00:00,2025-02-14 16:57:37.502000 +00:00
d09d9d5c-f329-43d5-97b9-614d97f957e2,E3,2025-02-14 16:57:37.502000 +00:00,2025-02-14 16:57:37.502000 +00:00
e2ab4fd3-8dee-4084-8455-013624913af5,E4,2025-02-14 16:57:37.502000 +00:00,2025-02-14 16:57:37.502000 +00:00
2ff268ac-65fe-4200-a15e-73f953d98567,E5,2025-02-14 16:57:37.502000 +00:00,2025-02-14 16:57:37.502000 +00:00
0c7804d2-bca4-4d3e-88a0-f71c5d2632b7,E6,2025-02-14 16:57:37.502000 +00:00,2025-02-14 16:57:37.502000 +00:00
a5f51874-6511-4075-91ba-7f0fd3563091,E7,2025-02-14 16:57:37.502000 +00:00,2025-02-14 16:57:37.502000 +00:00
321b75fb-012a-4b1a-b849-1cfbc98d5c6f,E8,2025-02-14 16:57:37.502000 +00:00,2025-02-14 16:57:37.502000 +00:00
f720b72d-dfc5-41d0-9502-a98116782e99,E9,2025-02-14 16:57:37.502000 +00:00,2025-02-14 16:57:37.502000 +00:00
466e8f73-0448-400b-996d-e8da25ed3429,E10,2025-02-14 16:57:37.502000 +00:00,2025-02-14 16:57:37.502000 +00:00
0cd555eb-691e-431c-98f2-068c6d9814ac,E11,2025-02-14 16:57:37.502000 +00:00,2025-02-14 16:57:37.502000 +00:00
f4557c47-ac34-4ec4-a105-9f7423e00b9a,E12,2025-02-14 16:57:37.502000 +00:00,2025-02-14 16:57:37.502000 +00:00
7956027b-a151-4031-a218-ef7dc4580bba,E13,2025-02-14 16:57:37.502000 +00:00,2025-02-14 16:57:37.502000 +00:00
9a0d4382-7675-4cd3-b4fb-8434f5081d94,E14,2025-02-14 16:57:37.502000 +00:00,2025-02-14 16:57:37.502000 +00:00
d7d7aa1e-f4a8-4fc8-9eb7-0fd18c83f9e8,E15,2025-02-14 16:57:37.502000 +00:00,2025-02-14 16:57:37.502000 +00:00
94aec38b-0d88-4c63-95e9-f42e8f42b725,E16,2025-02-14 16:57:37.502000 +00:00,2025-02-14 16:57:37.502000 +00:00
904e1fea-7714-40ef-a8d7-9c138fa043da,E17,2025-02-14 16:57:37.502000 +00:00,2025-02-14 16:57:37.502000 +00:00
adf256e4-1ad5-4baf-aba8-97828886efca,E18,2025-02-14 16:57:37.502000 +00:00,2025-02-14 16:57:37.502000 +00:00
6c466c42-941f-4397-8475-a144012f7497,E19,2025-02-14 16:57:37.502000 +00:00,2025-02-14 16:57:37.502000 +00:00
1eda97c8-1c39-491a-8dec-fdd752e3c8fb,E20,2025-02-14 16:57:37.502000 +00:00,2025-02-14 16:57:37.502000 +00:00
200d4e39-6849-4c27-927b-c5a55f1d3d5d,E21,2025-02-14 16:57:37.502000 +00:00,2025-02-14 16:57:37.502000 +00:00
a611d3ca-2d32-4f4e-970f-2ab31a9542f5,E22,2025-02-14 16:57:37.502000 +00:00,2025-02-14 16:57:37.502000 +00:00
af4432d4-53c9-4536-9a20-b1fd7b3392ce,E23,2025-02-14 16:57:37.502000 +00:00,2025-02-14 16:57:37.502000 +00:00
76864634-48f9-4f21-84f6-ded4cfb02cdb,E24,2025-02-14 16:57:37.502000 +00:00,2025-02-14 16:57:37.502000 +00:00
6931a972-1adf-48e5-b17c-e858310eded5,F1,2025-02-14 16:57:37.502000 +00:00,2025-02-14 16:57:37.502000 +00:00
6989858e-c6bc-4db4-92f9-8b8352bdf0e5,F2,2025-02-14 16:57:37.502000 +00:00,2025-02-14 16:57:37.502000 +00:00
077c9bde-a47c-4ab7-9666-9aedd2c9cd5e,F3,2025-02-14 16:57:37.502000 +00:00,2025-02-14 16:57:37.502000 +00:00
8056a88c-b2bf-4e9e-afee-513478671017,F4,2025-02-14 16:57:37.502000 +00:00,2025-02-14 16:57:37.502000 +00:00
7f2f8d60-3860-4b35-ab60-406f13d4f838,F5,2025-02-14 16:57:37.502000 +00:00,2025-02-14 16:57:37.502000 +00:00
4bb14bea-5bdf-4023-99a5-e4ef7acddfae,F6,2025-02-14 16:57:37.502000 +00:00,2025-02-14 16:57:37.502000 +00:00
5bf3bd6f-972e-4446-9b97-46422af686ef,F7,2025-02-14 16:57:37.502000 +00:00,2025-02-14 16:57:37.502000 +00:00
a23801db-fb95-4654-a8a5-de96cf07b786,F8,2025-02-14 16:57:37.502000 +00:00,2025-02-14 16:57:37.502000 +00:00
44bec017-1b17-4d44-b720-6cd126a9feae,F9,2025-02-14 16:57:37.502000 +00:00,2025-02-14 16:57:37.502000 +00:00
15bf124d-6c4c-4e76-b6df-5636d8ef1e5c,F10,2025-02-14 16:57:37.502000 +00:00,2025-02-14 16:57:37.502000 +00:00
75158837-a40e-4e82-962d-dc8f290ecf42,F11,2025-02-14 16:57:37.502000 +00:00,2025-02-14 16:57:37.502000 +00:00
391ce526-69e3-40f7-96dc-24ba7770489f,F12,2025-02-14 16:57:37.502000 +00:00,2025-02-14 16:57:37.502000 +00:00
ab1ab1d6-e35b-4cbe-bc12-e98eb6990655,F13,2025-02-14 16:57:37.502000 +00:00,2025-02-14 16:57:37.502000 +00:00
6a881129-c0b2-4fd9-bf68-df206d3ee22f,F14,2025-02-14 16:57:37.502000 +00:00,2025-02-14 16:57:37.502000 +00:00
2474991d-8f7b-447e-88e3-12b597456371,F15,2025-02-14 16:57:37.502000 +00:00,2025-02-14 16:57:37.502000 +00:00
e825c88b-7c4a-4825-8429-d01f6078379b,F16,2025-02-14 16:57:37.502000 +00:00,2025-02-14 16:57:37.502000 +00:00
3b842eb3-cd07-4fa5-9bf2-1ba7f30311bb,F17,2025-02-14 16:57:37.502000 +00:00,2025-02-14 16:57:37.502000 +00:00
0fbcb487-bea8-409e-9887-1ef1cdb2510b,F18,2025-02-14 16:57:37.502000 +00:00,2025-02-14 16:57:37.502000 +00:00
16ede555-fc2f-4a99-993a-0d67e039be98,F19,2025-02-14 16:57:37.502000 +00:00,2025-02-14 16:57:37.502000 +00:00
3080d29c-7c32-4789-ba30-374f5860220d,F20,2025-02-14 16:57:37.502000 +00:00,2025-02-14 16:57:37.502000 +00:00
f74e392a-54ad-485a-82f2-be39259e8092,F21,2025-02-14 16:57:37.502000 +00:00,2025-02-14 16:57:37.502000 +00:00
6e55ce92-b455-4c4b-9cfc-d24eaef1c11d,F22,2025-02-14 16:57:37.502000 +00:00,2025-02-14 16:57:37.502000 +00:00
0f148641-99db-4ddb-aaab-eb0487b9b563,F23,2025-02-14 16:57:37.502000 +00:00,2025-02-14 16:57:37.502000 +00:00
951db168-9e9e-420f-80dc-7bea46d31f87,F24,2025-02-14 16:57:37.502000 +00:00,2025-02-14 16:57:37.502000 +00:00
f97b2576-a770-4b4c-9010-274e79d81232,G1,2025-02-14 16:57:37.502000 +00:00,2025-02-14 16:57:37.502000 +00:00
71b201c2-7838-483a-af70-5de595128e2c,G2,2025-02-14 16:57:37.502000 +00:00,2025-02-14 16:57:37.502000 +00:00
81b29436-2ca6-4eb9-b983-6af19b369853,G3,2025-02-14 16:57:37.502000 +00:00,2025-02-14 16:57:37.502000 +00:00
e830dd2a-935d-4725-9983-27617acb00a2,G4,2025-02-14 16:57:37.502000 +00:00,2025-02-14 16:57:37.502000 +00:00
690db61d-ad3d-4b42-9f6b-3521371022f2,G5,2025-02-14 16:57:37.502000 +00:00,2025-02-14 16:57:37.502000 +00:00
b3f294c3-6d03-472c-aaad-267a98e51c3f,G6,2025-02-14 16:57:37.502000 +00:00,2025-02-14 16:57:37.502000 +00:00
a0849dee-e223-4f52-b96d-9e515f91e86a,G7,2025-02-14 16:57:37.502000 +00:00,2025-02-14 16:57:37.502000 +00:00
b2b135d9-352f-448c-9daf-5361f6d23dfe,G8,2025-02-14 16:57:37.502000 +00:00,2025-02-14 16:57:37.502000 +00:00
b350be73-521d-4bea-b06a-752b3428b908,G9,2025-02-14 16:57:37.502000 +00:00,2025-02-14 16:57:37.502000 +00:00
ce40d97e-04bb-4d2c-af8a-0efbde85866e,G10,2025-02-14 16:57:37.502000 +00:00,2025-02-14 16:57:37.502000 +00:00
18ac2eda-da5f-4b5c-81c7-4ef1858ca868,G11,2025-02-14 16:57:37.502000 +00:00,2025-02-14 16:57:37.502000 +00:00
13cb01c9-9d16-4fad-afb0-36b616438752,G12,2025-02-14 16:57:37.502000 +00:00,2025-02-14 16:57:37.502000 +00:00
b22f9a0b-5e70-4582-aa98-0289156ac5d0,G13,2025-02-14 16:57:37.502000 +00:00,2025-02-14 16:57:37.502000 +00:00
8309ef91-f02a-415e-bab0-91763cc33558,G14,2025-02-14 16:57:37.502000 +00:00,2025-02-14 16:57:37.502000 +00:00
ac446ed4-f65a-45b8-92d5-d1ed1d5f0174,G15,2025-02-14 16:57:37.502000 +00:00,2025-02-14 16:57:37.502000 +00:00
f0e59db6-663b-44b3-8c20-ef3adb436115,G16,2025-02-14 16:57:37.502000 +00:00,2025-02-14 16:57:37.502000 +00:00
d2fb309d-01b6-400d-bf9d-01a3bda0782d,G17,2025-02-14 16:57:37.502000 +00:00,2025-02-14 16:57:37.502000 +00:00
e5b7ce82-dfe0-42a0-9441-165a0fca1674,G18,2025-02-14 16:57:37.502000 +00:00,2025-02-14 16:57:37.502000 +00:00
80ca5fad-6f40-4937-8fe6-5dcd755fd995,G19,2025-02-14 16:57:37.502000 +00:00,2025-02-14 16:57:37.502000 +00:00
53a764ce-e9ef-4942-8b8d-3e2b13af3a57,G20,2025-02-14 16:57:37.502000 +00:00,2025-02-14 16:57:37.502000 +00:00
3ccfc0ed-a17f-4ab5-9d84-c2bc148503d8,G21,2025-02-14 16:57:37.502000 +00:00,2025-02-14 16:57:37.502000 +00:00
0c619fcc-7d0f-4b87-87e0-c7eb45a1b557,G22,2025-02-14 16:57:37.502000 +00:00,2025-02-14 16:57:37.502000 +00:00
a298ea66-abef-42ed-9ae3-911c7e70fcdd,G23,2025-02-14 16:57:37.502000 +00:00,2025-02-14 16:57:37.502000 +00:00
ab708e7a-b1d1-4b3a-a1a7-5b0dede823ca,G24,2025-02-14 16:57:37.502000 +00:00,2025-02-14 16:57:37.502000 +00:00
5021d4c0-a032-42b6-bd9f-2701ed3faf42,H1,2025-02-14 16:57:37.502000 +00:00,2025-02-14 16:57:37.502000 +00:00
931dd0da-a6ac-457a-b882-5a44b5fd86d8,H2,2025-02-14 16:57:37.502000 +00:00,2025-02-14 16:57:37.502000 +00:00
9965e67a-2022-4a30-be30-5ce5491b9ca1,H3,2025-02-14 16:57:37.502000 +00:00,2025-02-14 16:57:37.502000 +00:00
4ec84785-d9ec-41ad-a4c6-7c1d0ba636a4,H4,2025-02-14 16:57:37.502000 +00:00,2025-02-14 16:57:37.502000 +00:00
8339b030-0c07-4246-8561-d401089c16aa,H5,2025-02-14 16:57:37.502000 +00:00,2025-02-14 16:57:37.502000 +00:00
7b0fcd68-3b79-4890-bd72-0bd3c9953298,H6,2025-02-14 16:57:37.502000 +00:00,2025-02-14 16:57:37.502000 +00:00
fa1d0741-cb14-485a-b984-4367ac3fadf3,H7,2025-02-14 16:57:37.502000 +00:00,2025-02-14 16:57:37.502000 +00:00
cdad4758-1b8f-4e58-ac1f-f81ea4f073c0,H8,2025-02-14 16:57:37.502000 +00:00,2025-02-14 16:57:37.502000 +00:00
6eade3f1-dacc-4b43-ab94-5b82cb3924eb,H9,2025-02-14 16:57:37.502000 +00:00,2025-02-14 16:57:37.502000 +00:00
bc4fd0bc-8c8a-4135-8dec-5add572b6446,H10,2025-02-14 16:57:37.502000 +00:00,2025-02-14 16:57:37.502000 +00:00
ae16a96a-c800-401f-98cd-fc5f15b8c0d6,H11,2025-02-14 16:57:37.502000 +00:00,2025-02-14 16:57:37.502000 +00:00
1171915a-c4ef-4f3d-b948-9ae0948f3808,H12,2025-02-14 16:57:37.502000 +00:00,2025-02-14 16:57:37.502000 +00:00
369f7094-84fb-42c2-9b40-b8a617496fa7,H13,2025-02-14 16:57:37.502000 +00:00,2025-02-14 16:57:37.502000 +00:00
49e6e43b-b450-47eb-93b9-a7f321186f80,H14,2025-02-14 16:57:37.502000 +00:00,2025-02-14 16:57:37.502000 +00:00
b6535469-e49b-4bec-8ac9-d5640024c3d7,H15,2025-02-14 16:57:37.502000 +00:00,2025-02-14 16:57:37.502000 +00:00
bf4da011-d564-426c-81d6-891522393496,H16,2025-02-14 16:57:37.502000 +00:00,2025-02-14 16:57:37.502000 +00:00
47cd1d0f-a5eb-49f5-9cf8-88c5a7885104,H17,2025-02-14 16:57:37.502000 +00:00,2025-02-14 16:57:37.502000 +00:00
96c94a32-a3a0-44ee-bdfc-addd2f582095,H18,2025-02-14 16:57:37.502000 +00:00,2025-02-14 16:57:37.502000 +00:00
50b3e3b5-5b55-4e46-ae38-1155c8cf84a3,H19,2025-02-14 16:57:37.502000 +00:00,2025-02-14 16:57:37.502000 +00:00
82bbb3c6-a30a-4358-a00c-16b3f2cbcf56,H20,2025-02-14 16:57:37.502000 +00:00,2025-02-14 16:57:37.502000 +00:00
2592ed7b-c653-43af-b0c3-f987d709e3f3,H21,2025-02-14 16:57:37.502000 +00:00,2025-02-14 16:57:37.502000 +00:00
33999b74-7f46-4cb0-9466-3f926a53de53,H22,2025-02-14 16:57:37.502000 +00:00,2025-02-14 16:57:37.502000 +00:00
d59ff5ac-6f5e-4a73-8942-86a637bb51c7,H23,2025-02-14 16:57:37.502000 +00:00,2025-02-14 16:57:37.502000 +00:00
47725406-fec6-4942-b3d7-cd70fbc4b7b9,H24,2025-02-14 16:57:37.502000 +00:00,2025-02-14 16:57:37.502000 +00:00
f4467405-76f5-40d0-bad1-4999020ad419,I1,2025-02-14 16:57:37.502000 +00:00,2025-02-14 16:57:37.502000 +00:00
67ed5fb8-732a-4394-8667-51fed1b0b850,I2,2025-02-14 16:57:37.502000 +00:00,2025-02-14 16:57:37.502000 +00:00
6432be72-062d-4335-a6cf-bbb8c142efe7,I3,2025-02-14 16:57:37.502000 +00:00,2025-02-14 16:57:37.502000 +00:00
b214210d-155b-49ab-b057-512ce9c6b405,I4,2025-02-14 16:57:37.502000 +00:00,2025-02-14 16:57:37.502000 +00:00
371e0bcc-a0b2-4d73-b799-74757c2a9b34,I5,2025-02-14 16:57:37.502000 +00:00,2025-02-14 16:57:37.502000 +00:00
9f5b1b29-62c5-4eeb-98c9-1d398ff561c2,I6,2025-02-14 16:57:37.502000 +00:00,2025-02-14 16:57:37.502000 +00:00
5b702a58-5f9d-4398-8b7c-80fdabd2461b,I7,2025-02-14 16:57:37.502000 +00:00,2025-02-14 16:57:37.502000 +00:00
a85fe416-4c36-4afb-87e1-5e355a25157e,I8,2025-02-14 16:57:37.502000 +00:00,2025-02-14 16:57:37.502000 +00:00
a33e065b-2280-4dd4-abec-6ae4a1efc72d,I9,2025-02-14 16:57:37.502000 +00:00,2025-02-14 16:57:37.502000 +00:00
cde2220c-beb6-410e-bd7d-6f51ad92323f,I10,2025-02-14 16:57:37.502000 +00:00,2025-02-14 16:57:37.502000 +00:00
c0f9045f-2826-4f44-89f3-08ccff82f0c0,I11,2025-02-14 16:57:37.502000 +00:00,2025-02-14 16:57:37.502000 +00:00
bbf3f23a-48a6-4313-8834-b14ba50281a8,I12,2025-02-14 16:57:37.502000 +00:00,2025-02-14 16:57:37.502000 +00:00
ecc0e39b-ee61-4284-82b3-51bf62300745,I13,2025-02-14 16:57:37.502000 +00:00,2025-02-14 16:57:37.502000 +00:00
3766b25a-9077-4381-b2ee-a777689fd36b,I14,2025-02-14 16:57:37.502000 +00:00,2025-02-14 16:57:37.502000 +00:00
a7b84586-2b47-428d-bcc4-e148de5f8e5b,I15,2025-02-14 16:57:37.502000 +00:00,2025-02-14 16:57:37.502000 +00:00
b74fd944-47b6-409d-bb0a-09a21c80b463,I16,2025-02-14 16:57:37.502000 +00:00,2025-02-14 16:57:37.502000 +00:00
b1a1862c-f131-455e-ab01-cd727a61cf61,I17,2025-02-14 16:57:37.502000 +00:00,2025-02-14 16:57:37.502000 +00:00
96726457-cd42-41ce-8721-4cd808dfea13,I18,2025-02-14 16:57:37.502000 +00:00,2025-02-14 16:57:37.502000 +00:00
04e23e82-701c-489b-8d33-e773501dd196,I19,2025-02-14 16:57:37.502000 +00:00,2025-02-14 16:57:37.502000 +00:00
ad215d9b-ceb0-495b-9d64-1546ec113b72,I20,2025-02-14 16:57:37.502000 +00:00,2025-02-14 16:57:37.502000 +00:00
093dc62c-7d23-4dce-9c33-4950cc416d4e,I21,2025-02-14 16:57:37.502000 +00:00,2025-02-14 16:57:37.502000 +00:00
d28cc7f1-8f69-4cc5-8d8c-fd1477979fe9,I22,2025-02-14 16:57:37.502000 +00:00,2025-02-14 16:57:37.502000 +00:00
3319d820-2f7e-4ea1-bbae-079e5c655abf,I23,2025-02-14 16:57:37.502000 +00:00,2025-02-14 16:57:37.502000 +00:00
cd99ab52-94ab-48bc-819b-800d4b678b40,I24,2025-02-14 16:57:37.502000 +00:00,2025-02-14 16:57:37.502000 +00:00
afb0640e-5d33-4807-b1ac-9370984ff66c,J1,2025-02-14 16:57:37.502000 +00:00,2025-02-14 16:57:37.502000 +00:00
01648e9b-8878-4080-bc18-0a27a0aca937,J2,2025-02-14 16:57:37.502000 +00:00,2025-02-14 16:57:37.502000 +00:00
40b019f0-6961-4132-a1ef-f794a95e511d,J3,2025-02-14 16:57:37.502000 +00:00,2025-02-14 16:57:37.502000 +00:00
f1ed3723-50bf-406b-8ef2-8579c7aed558,J4,2025-02-14 16:57:37.502000 +00:00,2025-02-14 16:57:37.502000 +00:00
da89f74e-e989-4f7f-884d-ae853c7b425c,J5,2025-02-14 16:57:37.502000 +00:00,2025-02-14 16:57:37.502000 +00:00
577cb84b-8a95-4921-9548-54474ca56c6b,J6,2025-02-14 16:57:37.502000 +00:00,2025-02-14 16:57:37.502000 +00:00
8b88d7af-b90d-47b4-bec4-c5a787cf1ae9,J7,2025-02-14 16:57:37.502000 +00:00,2025-02-14 16:57:37.502000 +00:00
3c820f31-4382-45b8-aab4-a8fc280addf0,J8,2025-02-14 16:57:37.502000 +00:00,2025-02-14 16:57:37.502000 +00:00
05384cab-b890-4851-9943-af0ee5002570,J9,2025-02-14 16:57:37.502000 +00:00,2025-02-14 16:57:37.502000 +00:00
05ae6afd-5f75-428b-ab68-7c92f22b6e5e,J10,2025-02-14 16:57:37.502000 +00:00,2025-02-14 16:57:37.502000 +00:00
1b124772-e885-423e-ac91-453953c24483,J11,2025-02-14 16:57:37.502000 +00:00,2025-02-14 16:57:37.502000 +00:00
e2f551fc-aace-4891-8bb8-3972ae8984c2,J12,2025-02-14 16:57:37.502000 +00:00,2025-02-14 16:57:37.502000 +00:00
2d2e5bca-8cf7-4c3d-8539-6a3111647267,J13,2025-02-14 16:57:37.502000 +00:00,2025-02-14 16:57:37.502000 +00:00
7a187dc5-4e90-46a0-903e-847bc646e5aa,J14,2025-02-14 16:57:37.502000 +00:00,2025-02-14 16:57:37.502000 +00:00
adcd3d81-8728-4e9c-b185-b5463995a214,J15,2025-02-14 16:57:37.502000 +00:00,2025-02-14 16:57:37.502000 +00:00
de6357e9-01e2-4c07-81a0-1c26d9ef9ee3,J16,2025-02-14 16:57:37.502000 +00:00,2025-02-14 16:57:37.502000 +00:00
34a5d0fc-5093-4bc8-8057-57b30f4c3aba,J17,2025-02-14 16:57:37.502000 +00:00,2025-02-14 16:57:37.502000 +00:00
fededba2-40ed-4e12-b2b8-20c77ee4e48a,J18,2025-02-14 16:57:37.502000 +00:00,2025-02-14 16:57:37.502000 +00:00
6620fbb7-ff28-48c0-bfff-f391294ac283,J19,2025-02-14 16:57:37.502000 +00:00,2025-02-14 16:57:37.502000 +00:00
c9b8aa1c-38df-467e-93f4-a2f1ece302cf,J20,2025-02-14 16:57:37.502000 +00:00,2025-02-14 16:57:37.502000 +00:00
1a2d1194-558d-40fe-a11e-e68ca1fba7da,J21,2025-02-14 16:57:37.502000 +00:00,2025-02-14 16:57:37.502000 +00:00
79a31de6-5aa6-4c7d-bc2b-97ed98d63331,J22,2025-02-14 16:57:37.502000 +00:00,2025-02-14 16:57:37.502000 +00:00
117c879d-1507-4a5f-82c8-fa998acc7ea6,J23,2025-02-14 16:57:37.502000 +00:00,2025-02-14 16:57:37.502000 +00:00
0a96e4b6-6d83-416a-9a36-7693a8e39138,J24,2025-02-14 16:57:37.502000 +00:00,2025-02-14 16:57:37.502000 +00:00
17aec6c8-d780-4404-a5dd-2bb6fd68e34a,K1,2025-02-14 16:57:37.502000 +00:00,2025-02-14 16:57:37.502000 +00:00
d3e89801-4dbf-49ad-aa8e-640c60c53609,K2,2025-02-14 16:57:37.502000 +00:00,2025-02-14 16:57:37.502000 +00:00
4f4ba2f2-7122-4431-b229-4068d632de91,K3,2025-02-14 16:57:37.502000 +00:00,2025-02-14 16:57:37.502000 +00:00
37b7455e-6008-481c-aa1e-bb217043e723,K4,2025-02-14 16:57:37.502000 +00:00,2025-02-14 16:57:37.502000 +00:00
31dc5ab9-5c3a-48b2-ae59-ac5affeb8625,K5,2025-02-14 16:57:37.502000 +00:00,2025-02-14 16:57:37.502000 +00:00
a084def4-cf1a-4496-867b-0dff3ec491af,K6,2025-02-14 16:57:37.502000 +00:00,2025-02-14 16:57:37.502000 +00:00
3b463af4-815f-4cb4-9358-d5f1e0c4f001,K7,2025-02-14 16:57:37.502000 +00:00,2025-02-14 16:57:37.502000 +00:00
0d68d792-61fe-48dd-8551-9c4704192d92,K8,2025-02-14 16:57:37.502000 +00:00,2025-02-14 16:57:37.502000 +00:00
7ff3ca13-9d75-44ec-aa06-d38768a7e24a,K9,2025-02-14 16:57:37.502000 +00:00,2025-02-14 16:57:37.502000 +00:00
3ebd1b0d-56b4-469b-98ea-6735fa1500c6,K10,2025-02-14 16:57:37.502000 +00:00,2025-02-14 16:57:37.502000 +00:00
faac9053-6897-4e7a-8de2-3e7a959ab665,K11,2025-02-14 16:57:37.502000 +00:00,2025-02-14 16:57:37.502000 +00:00
c5322cf9-c8d5-404a-8dab-8a6080d87d09,K12,2025-02-14 16:57:37.502000 +00:00,2025-02-14 16:57:37.502000 +00:00
cd59400d-a38b-469c-8cb2-4b504d120d3b,K13,2025-02-14 16:57:37.502000 +00:00,2025-02-14 16:57:37.502000 +00:00
51289375-6662-4fd4-be60-5386e4b803ca,K14,2025-02-14 16:57:37.502000 +00:00,2025-02-14 16:57:37.502000 +00:00
59e9b357-a90d-4b3e-a6b8-f228c3ed5c0c,K15,2025-02-14 16:57:37.502000 +00:00,2025-02-14 16:57:37.502000 +00:00
38902696-3cce-43b7-a134-e72660ccef59,K16,2025-02-14 16:57:37.502000 +00:00,2025-02-14 16:57:37.502000 +00:00
d5c29979-4491-4698-9116-850da0eb1e08,K17,2025-02-14 16:57:37.502000 +00:00,2025-02-14 16:57:37.502000 +00:00
c6677020-7404-4afb-b9a0-186f99b8a66e,K18,2025-02-14 16:57:37.502000 +00:00,2025-02-14 16:57:37.502000 +00:00
5c34b4ea-20c1-4649-bba9-8a58e910b140,K19,2025-02-14 16:57:37.502000 +00:00,2025-02-14 16:57:37.502000 +00:00
c9a63d06-30d7-426d-a8a9-7032ec6bf3bd,K20,2025-02-14 16:57:37.502000 +00:00,2025-02-14 16:57:37.502000 +00:00
a253d117-0e5c-49bb-aae7-fa2c22ff0621,K21,2025-02-14 16:57:37.502000 +00:00,2025-02-14 16:57:37.502000 +00:00
fe0395bf-708d-4332-bd51-8b0c31b1a8a3,K22,2025-02-14 16:57:37.502000 +00:00,2025-02-14 16:57:37.502000 +00:00
0a38a599-4f65-4427-9cc9-2066c3d45fde,K23,2025-02-14 16:57:37.502000 +00:00,2025-02-14 16:57:37.502000 +00:00
151cb225-745b-4f45-a7e4-63ff92c27fcc,K24,2025-02-14 16:57:37.502000 +00:00,2025-02-14 16:57:37.502000 +00:00
1f2dc112-352a-46f5-a263-4dfa2584be9b,L1,2025-02-14 16:57:37.502000 +00:00,2025-02-14 16:57:37.502000 +00:00
ec821bf9-f015-4348-8a1f-c719ac3400f8,L2,2025-02-14 16:57:37.502000 +00:00,2025-02-14 16:57:37.502000 +00:00
2f08f4a7-72fa-4f62-b617-b0527bbe4df5,L3,2025-02-14 16:57:37.502000 +00:00,2025-02-14 16:57:37.502000 +00:00
31e20848-25fe-44bb-8a2d-4576348a5cdd,L4,2025-02-14 16:57:37.502000 +00:00,2025-02-14 16:57:37.502000 +00:00
075a84fa-072c-4af7-8ab9-3a4ee2b3e69c,L5,2025-02-14 16:57:37.502000 +00:00,2025-02-14 16:57:37.502000 +00:00
a84b4b36-1986-4cfc-a9e4-5a13dc08ed59,L6,2025-02-14 16:57:37.502000 +00:00,2025-02-14 16:57:37.502000 +00:00
66b6abb3-5471-4b17-b139-35251f8ed03f,L7,2025-02-14 16:57:37.502000 +00:00,2025-02-14 16:57:37.502000 +00:00
11377f12-6b86-41a4-a95b-3b3d6186f385,L8,2025-02-14 16:57:37.502000 +00:00,2025-02-14 16:57:37.502000 +00:00
8b3b96a2-24d3-4e61-beea-2f63b7a6965d,L9,2025-02-14 16:57:37.502000 +00:00,2025-02-14 16:57:37.502000 +00:00
cb20f1cc-e9cf-4c64-a51f-5a764b88d5fe,L10,2025-02-14 16:57:37.502000 +00:00,2025-02-14 16:57:37.502000 +00:00
7cc84379-a56b-4035-a401-cae9709501c1,L11,2025-02-14 16:57:37.502000 +00:00,2025-02-14 16:57:37.502000 +00:00
15dbae3b-e462-4ab8-9b0e-3ca8ed986f9b,L12,2025-02-14 16:57:37.502000 +00:00,2025-02-14 16:57:37.502000 +00:00
b9229b49-75ec-4045-ba7d-2f6ff1ffdb99,L13,2025-02-14 16:57:37.502000 +00:00,2025-02-14 16:57:37.502000 +00:00
eb852b96-9c64-4b82-bfc8-12b0854a942d,L14,2025-02-14 16:57:37.502000 +00:00,2025-02-14 16:57:37.502000 +00:00
29358d0d-8980-419f-8fec-9a1c86db4554,L15,2025-02-14 16:57:37.502000 +00:00,2025-02-14 16:57:37.502000 +00:00
dfe7789c-439a-4096-9dea-42c55059170f,L16,2025-02-14 16:57:37.502000 +00:00,2025-02-14 16:57:37.502000 +00:00
9005289e-c5bb-43ff-96c8-98fa2def9618,L17,2025-02-14 16:57:37.502000 +00:00,2025-02-14 16:57:37.502000 +00:00
3273b542-0416-453a-83e3-914c4a7bbd81,L18,2025-02-14 16:57:37.502000 +00:00,2025-02-14 16:57:37.502000 +00:00
f61583ae-fd66-4333-ab9d-6abdf68c1bcf,L19,2025-02-14 16:57:37.502000 +00:00,2025-02-14 16:57:37.502000 +00:00
687ad463-2a36-4506-a414-38a49f9e1757,L20,2025-02-14 16:57:37.502000 +00:00,2025-02-14 16:57:37.502000 +00:00
220cd552-ff77-4b60-9eb8-ba1ba5bca38b,L21,2025-02-14 16:57:37.502000 +00:00,2025-02-14 16:57:37.502000 +00:00
88b81f45-c075-4832-ad90-a33c58dc2e89,L22,2025-02-14 16:57:37.502000 +00:00,2025-02-14 16:57:37.502000 +00:00
6ee014c9-611c-4775-8aa3-97d32e49c944,L23,2025-02-14 16:57:37.502000 +00:00,2025-02-14 16:57:37.502000 +00:00
f9244d23-bb12-4503-8f60-5971fd38727d,L24,2025-02-14 16:57:37.502000 +00:00,2025-02-14 16:57:37.502000 +00:00
c06900de-228f-4235-91f8-dd49138ee758,M1,2025-02-14 16:57:37.502000 +00:00,2025-02-14 16:57:37.502000 +00:00
8607a1fc-7306-4358-b29a-b19c33c9c273,M2,2025-02-14 16:57:37.502000 +00:00,2025-02-14 16:57:37.502000 +00:00
ce179c8d-6834-4fec-ab81-34d6b0bce449,M3,2025-02-14 16:57:37.502000 +00:00,2025-02-14 16:57:37.502000 +00:00
e02e5230-cddb-4401-963f-4cdce8ddabfb,M4,2025-02-14 16:57:37.502000 +00:00,2025-02-14 16:57:37.502000 +00:00
8f36f2a9-6bda-4556-94b8-d78455d15bec,M5,2025-02-14 16:57:37.502000 +00:00,2025-02-14 16:57:37.502000 +00:00
03152122-50c7-4f6d-8878-d6f9c712eac6,M6,2025-02-14 16:57:37.502000 +00:00,2025-02-14 16:57:37.502000 +00:00
1560607e-bc45-4e95-a3a4-9b6c7cecfd2d,M7,2025-02-14 16:57:37.502000 +00:00,2025-02-14 16:57:37.502000 +00:00
a65ae744-feac-4f82-aaed-433d5f3b3c05,M8,2025-02-14 16:57:37.502000 +00:00,2025-02-14 16:57:37.502000 +00:00
6fdc2c20-6d5b-46a7-b3d5-543d2c7c0f66,M9,2025-02-14 16:57:37.502000 +00:00,2025-02-14 16:57:37.502000 +00:00
41848564-0b28-4788-8e17-a64e6c14a157,M10,2025-02-14 16:57:37.502000 +00:00,2025-02-14 16:57:37.502000 +00:00
a501f3de-ec82-44e7-bd5f-adb01f3d7213,M11,2025-02-14 16:57:37.502000 +00:00,2025-02-14 16:57:37.502000 +00:00
799e815b-84f8-49b1-b125-d45deeaaf46f,M12,2025-02-14 16:57:37.502000 +00:00,2025-02-14 16:57:37.502000 +00:00
228d87a6-2925-4513-ba73-027a829f4333,M13,2025-02-14 16:57:37.502000 +00:00,2025-02-14 16:57:37.502000 +00:00
f8f8672f-cdde-4e03-b2cd-329e4448d3c6,M14,2025-02-14 16:57:37.502000 +00:00,2025-02-14 16:57:37.502000 +00:00
dc1786b2-03f1-4c77-acdd-5a1a5e331d85,M15,2025-02-14 16:57:37.502000 +00:00,2025-02-14 16:57:37.502000 +00:00
08b8d690-787a-4462-9764-6d6a65d5fa4a,M16,2025-02-14 16:57:37.502000 +00:00,2025-02-14 16:57:37.502000 +00:00
6bcbd7d2-f404-48ec-b49d-abae967a38e0,M17,2025-02-14 16:57:37.502000 +00:00,2025-02-14 16:57:37.502000 +00:00
f2b01947-75ea-4bbb-b974-80d871a2c172,M18,2025-02-14 16:57:37.502000 +00:00,2025-02-14 16:57:37.502000 +00:00
6efe88aa-999a-4c65-8939-b0e886b88671,M19,2025-02-14 16:57:37.502000 +00:00,2025-02-14 16:57:37.502000 +00:00
bcb9815f-8ee7-4a08-8d02-4c6ddda7f7e6,M20,2025-02-14 16:57:37.502000 +00:00,2025-02-14 16:57:37.502000 +00:00
cf8f553d-b3ea-4e9c-a0f2-391ed9a8546c,M21,2025-02-14 16:57:37.502000 +00:00,2025-02-14 16:57:37.502000 +00:00
05d43d87-3722-4508-9764-20b49801c6f8,M22,2025-02-14 16:57:37.502000 +00:00,2025-02-14 16:57:37.502000 +00:00
1858094d-8038-4bce-bbbe-c8d1aa5845d4,M23,2025-02-14 16:57:37.502000 +00:00,2025-02-14 16:57:37.502000 +00:00
0b064e14-69c5-4535-bb1e-91d5d0d8baa3,M24,2025-02-14 16:57:37.502000 +00:00,2025-02-14 16:57:37.502000 +00:00
2fb79884-bd31-4fcb-b69c-cf0b0b748e8c,N1,2025-02-14 16:57:37.502000 +00:00,2025-02-14 16:57:37.502000 +00:00
33499f06-6734-47ba-a267-36609c9e9593,N2,2025-02-14 16:57:37.502000 +00:00,2025-02-14 16:57:37.502000 +00:00
83503a32-1969-414f-9a5b-1258c5de0746,N3,2025-02-14 16:57:37.502000 +00:00,2025-02-14 16:57:37.502000 +00:00
95d7743c-1f72-49f4-ab1c-c1e1426f503f,N4,2025-02-14 16:57:37.502000 +00:00,2025-02-14 16:57:37.502000 +00:00
509ef429-45d1-4997-a76a-5eda597e6c97,N5,2025-02-14 16:57:37.502000 +00:00,2025-02-14 16:57:37.502000 +00:00
b6254824-7e44-44a6-83af-594f5930c3c4,N6,2025-02-14 16:57:37.502000 +00:00,2025-02-14 16:57:37.502000 +00:00
92662460-294c-44fa-a375-2f068525be60,N7,2025-02-14 16:57:37.502000 +00:00,2025-02-14 16:57:37.502000 +00:00
44db848f-efcc-446e-9688-83d67115089b,N8,2025-02-14 16:57:37.502000 +00:00,2025-02-14 16:57:37.502000 +00:00
ce4afe62-5336-4307-add2-5e49fc0aec15,N9,2025-02-14 16:57:37.502000 +00:00,2025-02-14 16:57:37.502000 +00:00
9a41393c-ab8b-4834-b3fc-3405b9cfbc7d,N10,2025-02-14 16:57:37.502000 +00:00,2025-02-14 16:57:37.502000 +00:00
793c817d-f732-4323-ba3d-636bef8185e8,N11,2025-02-14 16:57:37.502000 +00:00,2025-02-14 16:57:37.502000 +00:00
fb4738b3-7e94-427d-a040-db94bfa0b210,N12,2025-02-14 16:57:37.502000 +00:00,2025-02-14 16:57:37.502000 +00:00
5f9c1ca8-1ce9-4ed1-aa4f-f3a6ffcb4f70,N13,2025-02-14 16:57:37.502000 +00:00,2025-02-14 16:57:37.502000 +00:00
b9da7cba-2f60-4d7a-848b-831fa9d08062,N14,2025-02-14 16:57:37.502000 +00:00,2025-02-14 16:57:37.502000 +00:00
ad0d6a21-bc5b-4d42-a22a-4160952a104c,N15,2025-02-14 16:57:37.502000 +00:00,2025-02-14 16:57:37.502000 +00:00
63e71fe7-cfd7-4eee-a2f3-39a09d8fe8f3,N16,2025-02-14 16:57:37.502000 +00:00,2025-02-14 16:57:37.502000 +00:00
3fbe6a2c-8905-439f-b97c-ba6dc81c8a77,N17,2025-02-14 16:57:37.502000 +00:00,2025-02-14 16:57:37.502000 +00:00
f4389161-9fd5-4d59-9883-7392c6914931,N18,2025-02-14 16:57:37.502000 +00:00,2025-02-14 16:57:37.502000 +00:00
10a8fc48-3ee5-4213-9dd5-3cb7bf716309,N19,2025-02-14 16:57:37.502000 +00:00,2025-02-14 16:57:37.502000 +00:00
d4eee9b4-387b-4a72-a5ae-bc49bdeeb78a,N20,2025-02-14 16:57:37.502000 +00:00,2025-02-14 16:57:37.502000 +00:00
86387525-78d5-42ea-895a-15f2cdf6e4d6,N21,2025-02-14 16:57:37.502000 +00:00,2025-02-14 16:57:37.502000 +00:00
30ee3b1c-3efb-4ab5-9773-9878f958114a,N22,2025-02-14 16:57:37.502000 +00:00,2025-02-14 16:57:37.502000 +00:00
17d77e69-9eff-4ae3-ac34-210b796f617e,N23,2025-02-14 16:57:37.502000 +00:00,2025-02-14 16:57:37.502000 +00:00
f9f23fd4-f1b0-44ea-826e-28d8324eacc5,N24,2025-02-14 16:57:37.502000 +00:00,2025-02-14 16:57:37.502000 +00:00
37833ce0-6653-403c-b615-5edba2aa2e74,O1,2025-02-14 16:57:37.502000 +00:00,2025-02-14 16:57:37.502000 +00:00
0dd7fe0d-9be7-4af2-a5d7-ab735c3bd7e2,O2,2025-02-14 16:57:37.502000 +00:00,2025-02-14 16:57:37.502000 +00:00
11d7e907-33bd-4e54-8315-f56b76ab300d,O3,2025-02-14 16:57:37.502000 +00:00,2025-02-14 16:57:37.502000 +00:00
c053fb94-87ee-4e7a-89b2-808ad0e1ddd0,O4,2025-02-14 16:57:37.502000 +00:00,2025-02-14 16:57:37.502000 +00:00
7b5aca4a-fad7-491d-9e1f-327de9ac9abc,O5,2025-02-14 16:57:37.502000 +00:00,2025-02-14 16:57:37.502000 +00:00
5bfe173a-c753-4d64-bc29-31d81c7fa675,O6,2025-02-14 16:57:37.502000 +00:00,2025-02-14 16:57:37.502000 +00:00
c1b78b51-b95f-46d2-9a10-a03a67506343,O7,2025-02-14 16:57:37.502000 +00:00,2025-02-14 16:57:37.502000 +00:00
7a16b8a8-2d25-409c-a067-d6b702dc191f,O8,2025-02-14 16:57:37.502000 +00:00,2025-02-14 16:57:37.502000 +00:00
36772091-8e62-4be7-b0a0-84475a7c9d36,O9,2025-02-14 16:57:37.502000 +00:00,2025-02-14 16:57:37.502000 +00:00
89c9fbf3-7752-4e14-be37-9db178968cb5,O10,2025-02-14 16:57:37.502000 +00:00,2025-02-14 16:57:37.502000 +00:00
1041f3d8-cab4-4a61-95a5-9c1f9078efa1,O11,2025-02-14 16:57:37.502000 +00:00,2025-02-14 16:57:37.502000 +00:00
fc5c284c-f4a3-4ec5-ae36-3dd84ec49940,O12,2025-02-14 16:57:37.502000 +00:00,2025-02-14 16:57:37.502000 +00:00
933bd9df-4667-43ac-97d9-ca92036ae8e2,O13,2025-02-14 16:57:37.502000 +00:00,2025-02-14 16:57:37.502000 +00:00
a2c49649-0662-479c-bbab-82ff127f0555,O14,2025-02-14 16:57:37.502000 +00:00,2025-02-14 16:57:37.502000 +00:00
4dce29eb-4810-4dbc-a70c-1c6145a95fd4,O15,2025-02-14 16:57:37.502000 +00:00,2025-02-14 16:57:37.502000 +00:00
403396da-626d-46f9-bc92-9760ae446930,O16,2025-02-14 16:57:37.502000 +00:00,2025-02-14 16:57:37.502000 +00:00
cbbaa815-86ae-4f00-ac38-ca055ea4631e,O17,2025-02-14 16:57:37.502000 +00:00,2025-02-14 16:57:37.502000 +00:00
91c8c2b6-a640-44c3-a346-4533f8dcb962,O18,2025-02-14 16:57:37.502000 +00:00,2025-02-14 16:57:37.502000 +00:00
5d98d699-f2c7-4860-b4e2-fb462e3f9d48,O19,2025-02-14 16:57:37.502000 +00:00,2025-02-14 16:57:37.502000 +00:00
ab51f1b9-9287-4b43-b99f-b93af967f6d3,O20,2025-02-14 16:57:37.502000 +00:00,2025-02-14 16:57:37.502000 +00:00
cca2945e-657f-4cda-94ab-d81a06e254cc,O21,2025-02-14 16:57:37.502000 +00:00,2025-02-14 16:57:37.502000 +00:00
68431408-4089-4f26-bc89-96f68afd0b2d,O22,2025-02-14 16:57:37.502000 +00:00,2025-02-14 16:57:37.502000 +00:00
de47cc08-66af-4930-aa01-42b8efa9a469,O23,2025-02-14 16:57:37.502000 +00:00,2025-02-14 16:57:37.502000 +00:00
60bf746b-d6a8-4c26-a0ad-6843b010787f,O24,2025-02-14 16:57:37.502000 +00:00,2025-02-14 16:57:37.502000 +00:00
0b241a93-77e1-4450-8d15-8b015eb11d8f,P1,2025-02-14 16:57:37.502000 +00:00,2025-02-14 16:57:37.502000 +00:00
e2c8e988-3e26-4f9c-af8f-32138961af2b,P2,2025-02-14 16:57:37.502000 +00:00,2025-02-14 16:57:37.502000 +00:00
750a4654-7af1-4edf-896a-806bebdce62c,P3,2025-02-14 16:57:37.502000 +00:00,2025-02-14 16:57:37.502000 +00:00
c423b2a4-ab37-49ce-acab-a7e3d06c713a,P4,2025-02-14 16:57:37.502000 +00:00,2025-02-14 16:57:37.502000 +00:00
ca7024ad-832e-476c-a967-75d2e5e742b7,P5,2025-02-14 16:57:37.502000 +00:00,2025-02-14 16:57:37.502000 +00:00
25128059-5758-47c8-92ae-508ab821d566,P6,2025-02-14 16:57:37.502000 +00:00,2025-02-14 16:57:37.502000 +00:00
a7085bb1-9826-4897-86b9-bb48c2a8c174,P7,2025-02-14 16:57:37.502000 +00:00,2025-02-14 16:57:37.502000 +00:00
82eb1925-3d48-4783-be68-6b720caa0e58,P8,2025-02-14 16:57:37.502000 +00:00,2025-02-14 16:57:37.502000 +00:00
2de8d9c3-a7da-40bc-b97c-6039854a0944,P9,2025-02-14 16:57:37.502000 +00:00,2025-02-14 16:57:37.502000 +00:00
d83cb4a2-415e-45d9-bd7b-7fa0b99cca2e,P10,2025-02-14 16:57:37.502000 +00:00,2025-02-14 16:57:37.502000 +00:00
58b8ccf2-2792-4ab5-8e9a-558aa7ff8d66,P11,2025-02-14 16:57:37.502000 +00:00,2025-02-14 16:57:37.502000 +00:00
a6adbc33-5be2-45ba-a0e2-209956f3568f,P12,2025-02-14 16:57:37.502000 +00:00,2025-02-14 16:57:37.502000 +00:00
274fed86-25d2-4e8d-b457-913962c27e39,P13,2025-02-14 16:57:37.502000 +00:00,2025-02-14 16:57:37.502000 +00:00
5713e5b2-806f-43d1-896e-cba932e87a51,P14,2025-02-14 16:57:37.502000 +00:00,2025-02-14 16:57:37.502000 +00:00
445e8dca-aa8e-4a66-bdb9-48d032737d94,P15,2025-02-14 16:57:37.502000 +00:00,2025-02-14 16:57:37.502000 +00:00
202b91a1-105f-4716-b91e-eb460e931219,P16,2025-02-14 16:57:37.502000 +00:00,2025-02-14 16:57:37.502000 +00:00
4a6cc7e3-0822-4738-b80e-bb33dd284066,P17,2025-02-14 16:57:37.502000 +00:00,2025-02-14 16:57:37.502000 +00:00
4be19a06-064c-4886-a31e-b6ba5b624811,P18,2025-02-14 16:57:37.502000 +00:00,2025-02-14 16:57:37.502000 +00:00
04966155-7f50-4159-8f78-6b683b0d52a0,P19,2025-02-14 16:57:37.502000 +00:00,2025-02-14 16:57:37.502000 +00:00
ea687730-4f40-4505-8ac6-2d144eeb05fd,P20,2025-02-14 16:57:37.502000 +00:00,2025-02-14 16:57:37.502000 +00:00
3405d516-fa98-4288-8b22-96df1c42cbe5,P21,2025-02-14 16:57:37.502000 +00:00,2025-02-14 16:57:37.502000 +00:00
d82c84ba-9b64-4c55-baa8-885dd0502647,P22,2025-02-14 16:57:37.502000 +00:00,2025-02-14 16:57:37.502000 +00:00
fb00b7f3-eb4e-4ab1-990f-640c71ca6e69,P23,2025-02-14 16:57:37.502000 +00:00,2025-02-14 16:57:37.502000 +00:00
a2f9b93f-ef82-4d18-abbe-b23d382855fb,P24,2025-02-14 16:57:37.502000 +00:00,2025-02-14 16:57:37.502000 +00:00
2df84950-5795-4d5e-ada1-d0e096e8a21e,Q1,2025-02-14 16:57:37.502000 +00:00,2025-02-14 16:57:37.502000 +00:00
30ebf729-c7da-49c8-93a1-ebac8bd2313b,Q2,2025-02-14 16:57:37.502000 +00:00,2025-02-14 16:57:37.502000 +00:00
d2c22314-cb1c-44ec-a12d-b26003427173,Q3,2025-02-14 16:57:37.502000 +00:00,2025-02-14 16:57:37.502000 +00:00
ae131a67-629f-450a-bbaf-e36044bbd82a,Q4,2025-02-14 16:57:37.502000 +00:00,2025-02-14 16:57:37.502000 +00:00
ef1e51bf-302c-4946-ad5c-72af3fe61083,Q5,2025-02-14 16:57:37.502000 +00:00,2025-02-14 16:57:37.502000 +00:00
c1050f9c-bc5a-4133-97d2-34013641e690,Q6,2025-02-14 16:57:37.502000 +00:00,2025-02-14 16:57:37.502000 +00:00
182a2c77-4124-44b2-9d09-47936de84944,Q7,2025-02-14 16:57:37.502000 +00:00,2025-02-14 16:57:37.502000 +00:00
f4d376c9-5f4c-4a10-b2c7-5b675699745a,Q8,2025-02-14 16:57:37.502000 +00:00,2025-02-14 16:57:37.502000 +00:00
6ac4739c-eced-49c1-8611-b967ba934b35,Q9,2025-02-14 16:57:37.502000 +00:00,2025-02-14 16:57:37.502000 +00:00
b7a920ea-19d4-49ed-a11d-d45ba6e12dad,Q10,2025-02-14 16:57:37.502000 +00:00,2025-02-14 16:57:37.502000 +00:00
308cebd5-abc2-4b3f-8e92-53fb83b64f14,Q11,2025-02-14 16:57:37.502000 +00:00,2025-02-14 16:57:37.502000 +00:00
c4223b45-7460-4662-bb38-6d66581cd7fd,Q12,2025-02-14 16:57:37.502000 +00:00,2025-02-14 16:57:37.502000 +00:00
da6f751d-131c-445b-8f07-17c481d6b1e5,Q13,2025-02-14 16:57:37.502000 +00:00,2025-02-14 16:57:37.502000 +00:00
8460a107-2355-49d1-9185-b37bb6b529e5,Q14,2025-02-14 16:57:37.502000 +00:00,2025-02-14 16:57:37.502000 +00:00
ba6004cc-add3-4a35-b58a-25f0b42c9887,Q15,2025-02-14 16:57:37.502000 +00:00,2025-02-14 16:57:37.502000 +00:00
6bb92104-b790-41e5-a61b-87c6e0ad4b84,Q16,2025-02-14 16:57:37.502000 +00:00,2025-02-14 16:57:37.502000 +00:00
8900e996-d646-4e8c-bafa-75684b7c67c7,Q17,2025-02-14 16:57:37.502000 +00:00,2025-02-14 16:57:37.502000 +00:00
0640b50d-5a4d-4933-bdb4-7c68e410c615,Q18,2025-02-14 16:57:37.502000 +00:00,2025-02-14 16:57:37.502000 +00:00
5c6b4679-ec23-4843-a8f1-02eca2b7a9f7,Q19,2025-02-14 16:57:37.502000 +00:00,2025-02-14 16:57:37.502000 +00:00
16053c3d-3f88-43fa-bc97-8df867b40b15,Q20,2025-02-14 16:57:37.502000 +00:00,2025-02-14 16:57:37.502000 +00:00
634db51a-4e64-4d37-bb0c-d7383f6061f3,Q21,2025-02-14 16:57:37.502000 +00:00,2025-02-14 16:57:37.502000 +00:00
5ec85ae8-4332-4b24-9b16-d47ae0cb8aa8,Q22,2025-02-14 16:57:37.502000 +00:00,2025-02-14 16:57:37.502000 +00:00
26b7e115-8fff-4902-9862-85e155c72181,Q23,2025-02-14 16:57:37.502000 +00:00,2025-02-14 16:57:37.502000 +00:00
49cfbe3a-184b-4d5e-b6ea-c7cd20e6c82e,Q24,2025-02-14 16:57:37.502000 +00:00,2025-02-14 16:57:37.502000 +00:00
87184fa6-44b1-4e2e-b172-03e5ed2c4d50,R1,2025-02-14 16:57:37.502000 +00:00,2025-02-14 16:57:37.502000 +00:00
2dbd9b3c-e540-430e-8301-25f0ab903da1,R2,2025-02-14 16:57:37.502000 +00:00,2025-02-14 16:57:37.502000 +00:00
a4764d81-cde2-4126-bbd8-13f0e41d065c,R3,2025-02-14 16:57:37.502000 +00:00,2025-02-14 16:57:37.502000 +00:00
389efc3f-6c37-48a2-baec-00e3f5946409,R4,2025-02-14 16:57:37.502000 +00:00,2025-02-14 16:57:37.502000 +00:00
5e6147b0-4e44-4a93-848c-7b533d94e314,R5,2025-02-14 16:57:37.502000 +00:00,2025-02-14 16:57:37.502000 +00:00
21a95b9d-afa0-425d-8fd9-ceb95374a629,R6,2025-02-14 16:57:37.502000 +00:00,2025-02-14 16:57:37.502000 +00:00
60972f9f-8fa4-4853-8fd7-4ff9fd9ef696,R7,2025-02-14 16:57:37.502000 +00:00,2025-02-14 16:57:37.502000 +00:00
403f94d4-e079-421a-accf-48b58c004446,R8,2025-02-14 16:57:37.502000 +00:00,2025-02-14 16:57:37.502000 +00:00
882b076f-ce31-4f47-86b1-644178b6bd10,R9,2025-02-14 16:57:37.502000 +00:00,2025-02-14 16:57:37.502000 +00:00
56644285-6649-423a-9879-62eb76dba8a0,R10,2025-02-14 16:57:37.502000 +00:00,2025-02-14 16:57:37.502000 +00:00
8171671a-46f0-41c0-b54d-938add29f4f3,R11,2025-02-14 16:57:37.502000 +00:00,2025-02-14 16:57:37.502000 +00:00
ab9839de-0a1b-4ee5-bcb5-4e9bbe9f7236,R12,2025-02-14 16:57:37.502000 +00:00,2025-02-14 16:57:37.502000 +00:00
3d8317cb-d4ef-4dcc-ba1d-68cca9dc92bd,R13,2025-02-14 16:57:37.502000 +00:00,2025-02-14 16:57:37.502000 +00:00
28584320-3320-4084-88e4-92add79ad20d,R14,2025-02-14 16:57:37.502000 +00:00,2025-02-14 16:57:37.502000 +00:00
12fe257e-b761-4e7d-a512-99c7a7d149d7,R15,2025-02-14 16:57:37.502000 +00:00,2025-02-14 16:57:37.502000 +00:00
537646c4-e066-493d-be5e-13807e3b64d3,R16,2025-02-14 16:57:37.502000 +00:00,2025-02-14 16:57:37.502000 +00:00
dd02f0ec-01a3-411b-8615-f5ec1e10e57d,R17,2025-02-14 16:57:37.502000 +00:00,2025-02-14 16:57:37.502000 +00:00
4aa3aeac-e7a5-48a4-be53-3d70f4e03a74,R18,2025-02-14 16:57:37.502000 +00:00,2025-02-14 16:57:37.502000 +00:00
1ea19fb4-eb77-4cdc-8217-503b18319f53,R19,2025-02-14 16:57:37.502000 +00:00,2025-02-14 16:57:37.502000 +00:00
7e42691c-c6cb-48d8-b2b2-c05723fe9c80,R20,2025-02-14 16:57:37.502000 +00:00,2025-02-14 16:57:37.502000 +00:00
8cbba969-b3a5-4de7-a93c-d5ff21551513,R21,2025-02-14 16:57:37.502000 +00:00,2025-02-14 16:57:37.502000 +00:00
3c3a3c6b-4f87-4863-9503-881b7c3005b5,R22,2025-02-14 16:57:37.502000 +00:00,2025-02-14 16:57:37.502000 +00:00
c001463f-d23c-4df7-96fe-3658d3d81d7c,R23,2025-02-14 16:57:37.502000 +00:00,2025-02-14 16:57:37.502000 +00:00
69425612-9798-499a-9a81-4be24b621424,R24,2025-02-14 16:57:37.502000 +00:00,2025-02-14 16:57:37.502000 +00:00
47706cb5-a14f-4bfe-9487-ddae3eae51e9,S1,2025-02-14 16:57:37.502000 +00:00,2025-02-14 16:57:37.502000 +00:00
feda4b3a-10ce-4cc1-8cba-c1af57440430,S2,2025-02-14 16:57:37.502000 +00:00,2025-02-14 16:57:37.502000 +00:00
f2a95529-15ab-4fa0-95fb-5499c1ffc406,S3,2025-02-14 16:57:37.502000 +00:00,2025-02-14 16:57:37.502000 +00:00
1549ca75-e7ab-4510-8b3a-5aadd440fb56,S4,2025-02-14 16:57:37.502000 +00:00,2025-02-14 16:57:37.502000 +00:00
a343f935-339f-4aae-ad5e-7d7d7eddf6f4,S5,2025-02-14 16:57:37.502000 +00:00,2025-02-14 16:57:37.502000 +00:00
274451c4-5f08-4bc2-b307-a9403da722ec,S6,2025-02-14 16:57:37.502000 +00:00,2025-02-14 16:57:37.502000 +00:00
048d29fb-fd49-4d13-92fc-fad4160dca6b,S7,2025-02-14 16:57:37.502000 +00:00,2025-02-14 16:57:37.502000 +00:00
a9943ace-4935-4c7d-93b6-d94ea92c8147,S8,2025-02-14 16:57:37.502000 +00:00,2025-02-14 16:57:37.502000 +00:00
22d02eec-8e86-4cd6-9c0c-b604c212e2c5,S9,2025-02-14 16:57:37.502000 +00:00,2025-02-14 16:57:37.502000 +00:00
0f9bf79a-4495-4243-835d-d4db2ae7f34d,S10,2025-02-14 16:57:37.502000 +00:00,2025-02-14 16:57:37.502000 +00:00
348081cf-9504-4ca8-a301-dbe8ff24027d,S11,2025-02-14 16:57:37.502000 +00:00,2025-02-14 16:57:37.502000 +00:00
032bfbd7-2794-4ad9-881f-2cee4e460e10,S12,2025-02-14 16:57:37.502000 +00:00,2025-02-14 16:57:37.502000 +00:00
7a775a95-4553-4356-90c9-a0d5eaa8e56f,S13,2025-02-14 16:57:37.502000 +00:00,2025-02-14 16:57:37.502000 +00:00
27b0b1d6-2e8b-4c7d-a693-48a374fb1555,S14,2025-02-14 16:57:37.502000 +00:00,2025-02-14 16:57:37.502000 +00:00
87ce5e20-9911-4276-b8dc-8c9c6f4579aa,S15,2025-02-14 16:57:37.502000 +00:00,2025-02-14 16:57:37.502000 +00:00
5783d43c-10d4-4258-a384-4e39185c5a95,S16,2025-02-14 16:57:37.502000 +00:00,2025-02-14 16:57:37.502000 +00:00
141255cd-1dce-42d7-8e82-a7a9dfc696d8,S17,2025-02-14 16:57:37.502000 +00:00,2025-02-14 16:57:37.502000 +00:00
a5007af0-092a-495d-921e-400f97f0cdd2,S18,2025-02-14 16:57:37.502000 +00:00,2025-02-14 16:57:37.502000 +00:00
4e323f94-65cc-4f33-ad31-43bd8ddd55ec,S19,2025-02-14 16:57:37.502000 +00:00,2025-02-14 16:57:37.502000 +00:00
f37639d8-9c86-4be5-aced-c3629da35ac7,S20,2025-02-14 16:57:37.502000 +00:00,2025-02-14 16:57:37.502000 +00:00
c1ac6c51-098a-4735-b52b-9ce3388000cb,S21,2025-02-14 16:57:37.502000 +00:00,2025-02-14 16:57:37.502000 +00:00
d8a0e481-cdac-4636-b4d0-aadc84f2f87f,S22,2025-02-14 16:57:37.502000 +00:00,2025-02-14 16:57:37.502000 +00:00
2ec3b218-478c-442c-b890-c9f79522dbfa,S23,2025-02-14 16:57:37.502000 +00:00,2025-02-14 16:57:37.502000 +00:00
36a9bb14-5339-4e88-9af3-078e22b69925,S24,2025-02-14 16:57:37.502000 +00:00,2025-02-14 16:57:37.502000 +00:00
2579e2f2-b52b-48f1-86b3-d591243d1c88,T1,2025-02-14 16:57:37.502000 +00:00,2025-02-14 16:57:37.502000 +00:00
5f4b4709-e46a-402c-a66b-ce8e16c7f703,T2,2025-02-14 16:57:37.502000 +00:00,2025-02-14 16:57:37.502000 +00:00
44c7fd1d-9f4c-4d09-af1c-ef90617dfbf5,T3,2025-02-14 16:57:37.502000 +00:00,2025-02-14 16:57:37.502000 +00:00
324ad5cc-8e24-4d62-86b6-630759735cc8,T4,2025-02-14 16:57:37.502000 +00:00,2025-02-14 16:57:37.502000 +00:00
f5bd32b4-6ba4-41b3-a2d4-c0f1a33f6e82,T5,2025-02-14 16:57:37.502000 +00:00,2025-02-14 16:57:37.502000 +00:00
4ba7f3bc-9946-4ea3-850c-33bd45f94784,T6,2025-02-14 16:57:37.502000 +00:00,2025-02-14 16:57:37.502000 +00:00
e40d7e8d-19da-4274-9062-a01de3751ccb,T7,2025-02-14 16:57:37.502000 +00:00,2025-02-14 16:57:37.502000 +00:00
ed3de85f-b8f6-4bd6-b320-155fa5a83d29,T8,2025-02-14 16:57:37.502000 +00:00,2025-02-14 16:57:37.502000 +00:00
3c1297c6-67fa-48fb-a217-af844fe74f1f,T9,2025-02-14 16:57:37.502000 +00:00,2025-02-14 16:57:37.502000 +00:00
7dee863b-6be2-4fa6-a700-a46a473f45cb,T10,2025-02-14 16:57:37.502000 +00:00,2025-02-14 16:57:37.502000 +00:00
51dbf380-e627-43be-8d52-f489026db2b0,T11,2025-02-14 16:57:37.502000 +00:00,2025-02-14 16:57:37.502000 +00:00
6f4a64f1-0b23-478f-86c8-1587cebd8716,T12,2025-02-14 16:57:37.502000 +00:00,2025-02-14 16:57:37.502000 +00:00
c257132e-e4df-4a81-8540-07ce008961d1,T13,2025-02-14 16:57:37.502000 +00:00,2025-02-14 16:57:37.502000 +00:00
c9c69799-955e-4b7b-91a3-61ce20ecbcb4,T14,2025-02-14 16:57:37.502000 +00:00,2025-02-14 16:57:37.502000 +00:00
0535a784-cd67-4e48-bbb2-128c8e2e6a38,T15,2025-02-14 16:57:37.502000 +00:00,2025-02-14 16:57:37.502000 +00:00
b100a3af-9524-4846-bcfd-df6bcc91489b,T16,2025-02-14 16:57:37.502000 +00:00,2025-02-14 16:57:37.502000 +00:00
c9e6f492-2aa9-498e-91f9-fa5ceb8e3ce6,T17,2025-02-14 16:57:37.502000 +00:00,2025-02-14 16:57:37.502000 +00:00
67d9dd06-08e3-4ad6-9cb0-526d3dc21b41,T18,2025-02-14 16:57:37.502000 +00:00,2025-02-14 16:57:37.502000 +00:00
7e0fd916-28ab-4289-ab63-ba77e40ccde1,T19,2025-02-14 16:57:37.502000 +00:00,2025-02-14 16:57:37.502000 +00:00
55676801-146d-4756-8837-a8049cc05fb7,T20,2025-02-14 16:57:37.502000 +00:00,2025-02-14 16:57:37.502000 +00:00
b6a2c078-f3ea-4dfc-b604-ef673c0facbc,T21,2025-02-14 16:57:37.502000 +00:00,2025-02-14 16:57:37.502000 +00:00
bc946b05-2b87-42c0-b223-0a5e298dd030,T22,2025-02-14 16:57:37.502000 +00:00,2025-02-14 16:57:37.502000 +00:00
f9a66346-2384-43a1-8203-1aa87732c29b,T23,2025-02-14 16:57:37.502000 +00:00,2025-02-14 16:57:37.502000 +00:00
07138d17-0e8d-4e31-b105-e81d5bce4ea1,T24,2025-02-14 16:57:37.502000 +00:00,2025-02-14 16:57:37.502000 +00:00
29c82880-5a13-475f-81a0-68573bc8f406,U1,2025-02-14 16:57:37.502000 +00:00,2025-02-14 16:57:37.502000 +00:00
3adfb61c-6a3d-4717-89f8-dd667e917e13,U2,2025-02-14 16:57:37.502000 +00:00,2025-02-14 16:57:37.502000 +00:00
04fd1696-b287-4f26-ba23-304da87a3889,U3,2025-02-14 16:57:37.502000 +00:00,2025-02-14 16:57:37.502000 +00:00
a55d6069-6083-4261-bada-493f92229263,U4,2025-02-14 16:57:37.502000 +00:00,2025-02-14 16:57:37.502000 +00:00
d11fd595-b570-4413-9093-4363fef5e406,U5,2025-02-14 16:57:37.502000 +00:00,2025-02-14 16:57:37.502000 +00:00
ed0e837d-f220-4411-9879-804d7e73a123,U6,2025-02-14 16:57:37.502000 +00:00,2025-02-14 16:57:37.502000 +00:00
31b88ddc-63fc-4f9e-932a-1de782a99e5d,U7,2025-02-14 16:57:37.502000 +00:00,2025-02-14 16:57:37.502000 +00:00
fadd0730-c1c9-43f1-afd6-52c4d79acf68,U8,2025-02-14 16:57:37.502000 +00:00,2025-02-14 16:57:37.502000 +00:00
b00cf3e6-7a9f-4777-9afa-a7447f04b80d,U9,2025-02-14 16:57:37.502000 +00:00,2025-02-14 16:57:37.502000 +00:00
06109ae2-3a3b-4beb-b0b9-6d5a8d18ce53,U10,2025-02-14 16:57:37.502000 +00:00,2025-02-14 16:57:37.502000 +00:00
90209981-e149-4445-bc85-a76b7c56b43c,U11,2025-02-14 16:57:37.502000 +00:00,2025-02-14 16:57:37.502000 +00:00
dd210533-488b-4c95-bf0f-79041a9e9cae,U12,2025-02-14 16:57:37.502000 +00:00,2025-02-14 16:57:37.502000 +00:00
5ab535f0-feea-4600-90e9-e38a277b28f1,U13,2025-02-14 16:57:37.502000 +00:00,2025-02-14 16:57:37.502000 +00:00
2e66d5f2-ea07-4137-8594-731a8b22501a,U14,2025-02-14 16:57:37.502000 +00:00,2025-02-14 16:57:37.502000 +00:00
027e0233-d818-4495-83d8-6300e5148859,U15,2025-02-14 16:57:37.502000 +00:00,2025-02-14 16:57:37.502000 +00:00
f5411cbe-e5ce-4c2e-84ba-ac093f497896,U16,2025-02-14 16:57:37.502000 +00:00,2025-02-14 16:57:37.502000 +00:00
6f955b79-b7c7-4746-9447-44e5ead0a136,U17,2025-02-14 16:57:37.502000 +00:00,2025-02-14 16:57:37.502000 +00:00
6cdb6ff0-541a-459e-8015-d70b80315f87,U18,2025-02-14 16:57:37.502000 +00:00,2025-02-14 16:57:37.502000 +00:00
065b0751-75e7-4525-8c2d-c16a8c3457db,U19,2025-02-14 16:57:37.502000 +00:00,2025-02-14 16:57:37.502000 +00:00
2fa19800-20f6-406f-91d7-85aec0e682a9,U20,2025-02-14 16:57:37.502000 +00:00,2025-02-14 16:57:37.502000 +00:00
d31a58be-9a94-42f1-9d7c-8b44e46a8027,U21,2025-02-14 16:57:37.502000 +00:00,2025-02-14 16:57:37.502000 +00:00
6944117d-0d9e-48fd-894b-64283c8d433c,U22,2025-02-14 16:57:37.502000 +00:00,2025-02-14 16:57:37.502000 +00:00
34d2509e-e6ef-46f1-8968-c230a155710f,U23,2025-02-14 16:57:37.502000 +00:00,2025-02-14 16:57:37.502000 +00:00
d8ddac54-66e3-40d8-913b-50e5566d5089,U24,2025-02-14 16:57:37.502000 +00:00,2025-02-14 16:57:37.502000 +00:00
1e045446-61c5-4600-a2ae-8d492d105c01,V1,2025-02-14 16:57:37.502000 +00:00,2025-02-14 16:57:37.502000 +00:00
06cd5186-fddd-4705-a0b1-105a811d861a,V2,2025-02-14 16:57:37.502000 +00:00,2025-02-14 16:57:37.502000 +00:00
6ea23c0f-4c39-4532-a243-e15b0a4bedaa,V3,2025-02-14 16:57:37.502000 +00:00,2025-02-14 16:57:37.502000 +00:00
d0dee8c4-ed62-464e-8bcf-54b498987ec9,V4,2025-02-14 16:57:37.502000 +00:00,2025-02-14 16:57:37.502000 +00:00
1d4ae93b-38f5-422c-b6dc-806331cd0303,V5,2025-02-14 16:57:37.502000 +00:00,2025-02-14 16:57:37.502000 +00:00
a5d65ac3-5a3d-49f8-8b9f-6c16b49378f0,V6,2025-02-14 16:57:37.502000 +00:00,2025-02-14 16:57:37.502000 +00:00
d644cf48-0df6-4234-9dbb-02d1253432d9,V7,2025-02-14 16:57:37.502000 +00:00,2025-02-14 16:57:37.502000 +00:00
876cbd8f-6984-4fbe-90ef-790a7253c995,V8,2025-02-14 16:57:37.502000 +00:00,2025-02-14 16:57:37.502000 +00:00
aef4a78e-534c-44a4-89f9-4f4050ab27ea,V9,2025-02-14 16:57:37.502000 +00:00,2025-02-14 16:57:37.502000 +00:00
181ca6af-dbbe-44c7-82bd-6e58a9e8f659,V10,2025-02-14 16:57:37.502000 +00:00,2025-02-14 16:57:37.502000 +00:00
118239aa-05a1-4637-9a24-d7f141ec2f46,V11,2025-02-14 16:57:37.502000 +00:00,2025-02-14 16:57:37.502000 +00:00
41523ebc-75f8-47ad-b7d3-c9efbe01be5e,V12,2025-02-14 16:57:37.502000 +00:00,2025-02-14 16:57:37.502000 +00:00
1fd3e45c-7908-4307-a562-16b6ec24f5d5,V13,2025-02-14 16:57:37.502000 +00:00,2025-02-14 16:57:37.502000 +00:00
0df28eaf-9ded-436f-8150-3a4dbb76aa46,V14,2025-02-14 16:57:37.502000 +00:00,2025-02-14 16:57:37.502000 +00:00
8531d7d5-986f-46af-83e4-bdba95d2bedf,V15,2025-02-14 16:57:37.502000 +00:00,2025-02-14 16:57:37.502000 +00:00
35a5bff8-7358-481b-8d06-bade1e854d43,V16,2025-02-14 16:57:37.502000 +00:00,2025-02-14 16:57:37.502000 +00:00
ee735acc-58e7-40f6-94db-d1c5ae019c5e,V17,2025-02-14 16:57:37.502000 +00:00,2025-02-14 16:57:37.502000 +00:00
994daad8-5827-4493-895c-96233c5aa634,V18,2025-02-14 16:57:37.502000 +00:00,2025-02-14 16:57:37.502000 +00:00
3dd49a9f-abbf-43c4-b015-562c91ee7a8e,V19,2025-02-14 16:57:37.502000 +00:00,2025-02-14 16:57:37.502000 +00:00
d320a627-d0a0-4650-ba84-baa88fd9ce0a,V20,2025-02-14 16:57:37.502000 +00:00,2025-02-14 16:57:37.502000 +00:00
da79fd8a-55fd-48c2-a157-0fbed7a39e50,V21,2025-02-14 16:57:37.502000 +00:00,2025-02-14 16:57:37.502000 +00:00
1f8cad38-06f4-4271-91a4-d25fb1eb4d7b,V22,2025-02-14 16:57:37.502000 +00:00,2025-02-14 16:57:37.502000 +00:00
ed2066fc-f223-44b3-b7c8-6b6f1a6a81b5,V23,2025-02-14 16:57:37.502000 +00:00,2025-02-14 16:57:37.502000 +00:00
64a6c952-2620-4170-8670-9790bff209d1,V24,2025-02-14 16:57:37.502000 +00:00,2025-02-14 16:57:37.502000 +00:00
3162402c-a867-4ac9-bd33-9e8b3f516a4c,W1,2025-02-14 16:57:37.502000 +00:00,2025-02-14 16:57:37.502000 +00:00
9581c1c7-40f6-4d13-955d-3f3079ecf23b,W2,2025-02-14 16:57:37.502000 +00:00,2025-02-14 16:57:37.502000 +00:00
b0c05be6-efba-4692-b960-2f28326adec8,W3,2025-02-14 16:57:37.502000 +00:00,2025-02-14 16:57:37.502000 +00:00
e8ad3f17-c17a-40b6-992b-ae95d756c3d3,W4,2025-02-14 16:57:37.502000 +00:00,2025-02-14 16:57:37.502000 +00:00
f7d8dee9-956d-4c84-9fc6-e25a35ce16a1,W5,2025-02-14 16:57:37.502000 +00:00,2025-02-14 16:57:37.502000 +00:00
c2cf7c2e-29e3-4445-99b1-33a28dc0c7b3,W6,2025-02-14 16:57:37.502000 +00:00,2025-02-14 16:57:37.502000 +00:00
819c44c5-5358-4954-9a28-d6987affbe15,W7,2025-02-14 16:57:37.502000 +00:00,2025-02-14 16:57:37.502000 +00:00
2f125614-9156-4d88-8c0b-109ed76cddf8,W8,2025-02-14 16:57:37.502000 +00:00,2025-02-14 16:57:37.502000 +00:00
2463e846-a6cf-4325-9d78-56648295cfd1,W9,2025-02-14 16:57:37.502000 +00:00,2025-02-14 16:57:37.502000 +00:00
3ec45192-e12a-413f-afce-91b5da36424d,W10,2025-02-14 16:57:37.502000 +00:00,2025-02-14 16:57:37.502000 +00:00
6b7d23a6-1fa2-495d-94e2-16dc501f7ddd,W11,2025-02-14 16:57:37.502000 +00:00,2025-02-14 16:57:37.502000 +00:00
a1ae4953-65bb-4573-9338-f84a58af721b,W12,2025-02-14 16:57:37.502000 +00:00,2025-02-14 16:57:37.502000 +00:00
6863c572-cdd0-4ce8-ac54-a251f381cb93,W13,2025-02-14 16:57:37.502000 +00:00,2025-02-14 16:57:37.502000 +00:00
6ee31f21-7b5a-4581-acef-434bae4b2eee,W14,2025-02-14 16:57:37.502000 +00:00,2025-02-14 16:57:37.502000 +00:00
3d330640-acbd-4790-b5b0-eb940210e3a6,W15,2025-02-14 16:57:37.502000 +00:00,2025-02-14 16:57:37.502000 +00:00
78964799-fedc-42e2-80ff-f03be9e8ab04,W16,2025-02-14 16:57:37.502000 +00:00,2025-02-14 16:57:37.502000 +00:00
ddec1a16-ec2d-4800-b777-d1785d931c7f,W17,2025-02-14 16:57:37.502000 +00:00,2025-02-14 16:57:37.502000 +00:00
cb27b651-b719-42e1-85c3-7fe6f8abac9d,W18,2025-02-14 16:57:37.502000 +00:00,2025-02-14 16:57:37.502000 +00:00
d9c4010c-9395-4408-a2cb-0a115e6795de,W19,2025-02-14 16:57:37.502000 +00:00,2025-02-14 16:57:37.502000 +00:00
3927cac9-4a7b-4bfa-9ed4-5966075198c1,W20,2025-02-14 16:57:37.502000 +00:00,2025-02-14 16:57:37.502000 +00:00
08b0c6fa-8c3e-4740-9b61-0b66a3ef7dff,W21,2025-02-14 16:57:37.502000 +00:00,2025-02-14 16:57:37.502000 +00:00
087b27b9-125b-4d56-87ad-2a2e8d77b489,W22,2025-02-14 16:57:37.502000 +00:00,2025-02-14 16:57:37.502000 +00:00
c6b7eaa2-4b80-4e33-9f96-f324a10ce0b6,W23,2025-02-14 16:57:37.502000 +00:00,2025-02-14 16:57:37.502000 +00:00
d4c03637-40a0-48f1-9fc8-2d365a4d6049,W24,2025-02-14 16:57:37.502000 +00:00,2025-02-14 16:57:37.502000 +00:00
06eed634-9e02-4a04-8ca7-904199340c81,X1,2025-02-14 16:57:37.502000 +00:00,2025-02-14 16:57:37.502000 +00:00
162346e1-82b1-435b-b1d8-115768952908,X2,2025-02-14 16:57:37.502000 +00:00,2025-02-14 16:57:37.502000 +00:00
0c5c3e76-3ef3-44b0-81f7-1218714bf14a,X3,2025-02-14 16:57:37.502000 +00:00,2025-02-14 16:57:37.502000 +00:00
c2fca2d3-a302-40ab-b39a-6703b122ffc4,X4,2025-02-14 16:57:37.502000 +00:00,2025-02-14 16:57:37.502000 +00:00
0bb504e5-32d0-44ef-9339-891d681f85e4,X5,2025-02-14 16:57:37.502000 +00:00,2025-02-14 16:57:37.502000 +00:00
e109d659-c1b7-4789-a89e-25e3518d43a4,X6,2025-02-14 16:57:37.502000 +00:00,2025-02-14 16:57:37.502000 +00:00
2579b480-abca-4fe0-8f60-dbd06f8e367e,X7,2025-02-14 16:57:37.502000 +00:00,2025-02-14 16:57:37.502000 +00:00
7ab89769-8303-427d-89cc-1bb1f4cee6cc,X8,2025-02-14 16:57:37.502000 +00:00,2025-02-14 16:57:37.502000 +00:00
6e8d72f1-de5a-4e59-8ee9-54c6dcf60723,X9,2025-02-14 16:57:37.502000 +00:00,2025-02-14 16:57:37.502000 +00:00
03d5fb9e-6819-4fca-bde1-403c49034a8b,X10,2025-02-14 16:57:37.502000 +00:00,2025-02-14 16:57:37.502000 +00:00
20279222-aabd-437b-aca7-dedff1d61ad1,X11,2025-02-14 16:57:37.502000 +00:00,2025-02-14 16:57:37.502000 +00:00
6f18697b-4b84-4095-89b8-eae7867d7e4d,X12,2025-02-14 16:57:37.502000 +00:00,2025-02-14 16:57:37.502000 +00:00
e622558f-daf9-486a-9f9a-efc8d29617b2,X13,2025-02-14 16:57:37.502000 +00:00,2025-02-14 16:57:37.502000 +00:00
bc118e40-16e2-4382-b525-d9d121e59966,X14,2025-02-14 16:57:37.502000 +00:00,2025-02-14 16:57:37.502000 +00:00
83879823-ef2c-4fbf-bbcb-d06db02bcecf,X15,2025-02-14 16:57:37.502000 +00:00,2025-02-14 16:57:37.502000 +00:00
e2c82872-cf7e-49d9-a2fe-fea7cb72f7be,X16,2025-02-14 16:57:37.502000 +00:00,2025-02-14 16:57:37.502000 +00:00
aabfd038-e38e-4ca3-be2f-088b787cdd38,X17,2025-02-14 16:57:37.502000 +00:00,2025-02-14 16:57:37.502000 +00:00
d89a4aa4-262a-410c-b16d-d4022533476f,X18,2025-02-14 16:57:37.502000 +00:00,2025-02-14 16:57:37.502000 +00:00
a8583dd7-3070-49ca-8957-ed5e74cfc05c,X19,2025-02-14 16:57:37.502000 +00:00,2025-02-14 16:57:37.502000 +00:00
a0ec9984-0c18-47f3-ba8d-4be46c569a73,X20,2025-02-14 16:57:37.502000 +00:00,2025-02-14 16:57:37.502000 +00:00
c5aab512-9997-4e43-a46f-06563885cfc9,X21,2025-02-14 16:57:37.502000 +00:00,2025-02-14 16:57:37.502000 +00:00
0ac84388-eefb-456b-83b0-abb5f5214a2a,X22,2025-02-14 16:57:37.502000 +00:00,2025-02-14 16:57:37.502000 +00:00
6e4ffef0-8125-45d5-980a-a6c3a23506e7,X23,2025-02-14 16:57:37.502000 +00:00,2025-02-14 16:57:37.502000 +00:00
b9497728-d458-4be7-b834-7e475da0ff68,X24,2025-02-14 16:57:37.502000 +00:00,2025-02-14 16:57:37.502000 +00:00
