d2a93020-f0f2-46aa-8b61-038cb0dc51cc,2025-02-19 21:59:28.000000 +00:00,2025-02-19 23:59:28.000000 +00:00,ca335d67-8b94-425d-b651-b229a0448fd5,2025-02-14 17:00:21.120000 +00:00,2025-02-14 17:00:21.130000 +00:00
4dc072d0-be3d-4562-9d81-104cbf96419b,2025-02-20 12:00:00.000000 +00:00,2025-02-20 14:00:00.000000 +00:00,2be8d626-015e-4ef2-a43e-5c6cbceee7ff,2025-02-15 06:52:11.882000 +00:00,2025-02-15 06:52:11.891000 +00:00
902378e5-5317-4d3f-bb54-31d84684c334,2025-02-21 11:30:00.000000 +00:00,2025-02-21 13:30:00.000000 +00:00,9d8236ed-a86d-4064-a108-d3bd6863e424,2025-02-15 06:52:12.058000 +00:00,2025-02-15 06:52:12.062000 +00:00
33f823fa-414d-4956-811e-3378cd3547db,2025-02-22 13:00:00.000000 +00:00,2025-02-22 15:30:00.000000 +00:00,b3967bc2-7a86-4044-9581-4a88b94fd4a2,2025-02-15 06:52:12.190000 +00:00,2025-02-15 06:52:12.196000 +00:00
e9711c7d-599b-4cbc-9587-6adbfae7044a,2025-02-23 10:00:00.000000 +00:00,2025-02-23 12:00:00.000000 +00:00,ff0460b5-b03f-4d63-9e60-abb535c6916b,2025-02-15 06:52:12.317000 +00:00,2025-02-15 06:52:12.323000 +00:00
4cafb289-4c30-4ff8-9a1f-036cfde1124e,2025-02-23 13:00:00.000000 +00:00,2025-02-23 15:00:00.000000 +00:00,ff0460b5-b03f-4d63-9e60-abb535c6916b,2025-02-15 06:52:12.317000 +00:00,2025-02-15 06:52:12.323000 +00:00
b8d379a3-04da-41db-ad52-91f0d276ea9a,2025-03-01 12:00:00.000000 +00:00,2025-03-01 14:00:00.000000 +00:00,366bda88-d22a-483c-a7c4-c21152bc2cb3,2025-02-15 06:52:12.445000 +00:00,2025-02-15 06:52:12.449000 +00:00
52e011a1-5211-488d-b218-5ea59700ca32,2025-03-02 13:00:00.000000 +00:00,2025-03-02 16:00:00.000000 +00:00,3d4b5b84-ccc1-4388-a29a-c2ebac011655,2025-02-15 06:52:12.573000 +00:00,2025-02-15 06:52:12.577000 +00:00
7b24f48c-4e71-4f3a-98d0-214d070c5898,2025-03-03 12:00:00.000000 +00:00,2025-03-03 14:00:00.000000 +00:00,8c1c4333-a2f9-4ef6-83da-7d2948989f42,2025-02-15 06:52:12.700000 +00:00,2025-02-15 06:52:12.704000 +00:00
52e806ff-b3c0-4f93-ac18-f47605e1e1e2,2025-03-04 13:00:00.000000 +00:00,2025-03-04 16:00:00.000000 +00:00,a6ddf04f-2626-4de7-88f2-0c4c11ab259b,2025-02-15 06:52:12.813000 +00:00,2025-02-15 06:52:12.817000 +00:00
5bba5241-3848-4199-8773-eab5ffbc5674,2025-03-06 12:30:00.000000 +00:00,2025-03-06 15:00:00.000000 +00:00,6add4766-144f-4b99-bda7-3fcf2e1a86a6,2025-02-15 06:52:12.934000 +00:00,2025-02-15 06:52:12.940000 +00:00
